rank,hidden_dim,lr,weight_decay,epochs,seed,accuracy,mean_unified_loss,mean_hard_score,mean_jump_count,mean_trim_count,mean_off_mask_stitch_length_mm,mean_visible_connector_count
1,4,0.005,0.0,600,1,0.5,0.62103808,52.22543391,143.25,25.25,178.2285,37.0
2,4,0.005,0.0001,600,1,0.5,0.62103808,52.22543391,143.25,25.25,178.2285,37.0
3,4,0.005,0.001,600,1,0.5,0.62103808,52.22543391,143.25,25.25,178.2285,37.0
4,4,0.005,0.01,600,1,0.5,0.62103808,52.22543391,143.25,25.25,178.2285,37.0
5,4,0.01,0.0,600,1,0.5,0.62103808,52.22543391,143.25,25.25,178.2285,37.0
6,4,0.01,0.0001,600,1,0.5,0.62103808,52.22543391,143.25,25.25,178.2285,37.0
7,4,0.01,0.001,600,1,0.5,0.62103808,52.22543391,143.25,25.25,178.2285,37.0
8,4,0.01,0.01,600,1,0.5,0.62103808,52.22543391,143.25,25.25,178.2285,37.0
9,4,0.03,0.0,600,1,0.5,0.62103808,52.22543391,143.25,25.25,178.2285,37.0
10,4,0.03,0.0001,600,1,0.5,0.62103808,52.22543391,143.25,25.25,178.2285,37.0
11,4,0.03,0.001,600,1,0.5,0.62103808,52.22543391,143.25,25.25,178.2285,37.0
12,4,0.03,0.01,600,1,0.5,0.62103808,52.22543391,143.25,25.25,178.2285,37.0
13,4,0.05,0.0,600,1,0.5,0.62103808,52.22543391,143.25,25.25,178.2285,37.0
14,4,0.05,0.0001,600,1,0.5,0.62103808,52.22543391,143.25,25.25,178.2285,37.0
15,4,0.05,0.001,600,1,0.5,0.62103808,52.22543391,143.25,25.25,178.2285,37.0
16,4,0.05,0.01,600,1,0.5,0.62103808,52.22543391,143.25,25.25,178.2285,37.0
17,8,0.005,0.0,600,1,0.5,0.62103808,52.22543391,143.25,25.25,178.2285,37.0
18,8,0.005,0.0001,600,1,0.5,0.62103808,52.22543391,143.25,25.25,178.2285,37.0
19,8,0.005,0.001,600,1,0.5,0.62103808,52.22543391,143.25,25.25,178.2285,37.0
20,8,0.005,0.01,600,1,0.5,0.62103808,52.22543391,143.25,25.25,178.2285,37.0
21,8,0.01,0.0,600,1,0.5,0.62103808,52.22543391,143.25,25.25,178.2285,37.0
22,8,0.01,0.0001,600,1,0.5,0.62103808,52.22543391,143.25,25.25,178.2285,37.0
23,8,0.01,0.001,600,1,0.5,0.62103808,52.22543391,143.25,25.25,178.2285,37.0
24,8,0.01,0.01,600,1,0.5,0.62103808,52.22543391,143.25,25.25,178.2285,37.0
25,8,0.03,0.0,600,1,0.5,0.62103808,52.22543391,143.25,25.25,178.2285,37.0
26,8,0.03,0.0001,600,1,0.5,0.62103808,52.22543391,143.25,25.25,178.2285,37.0
27,8,0.03,0.001,600,1,0.5,0.62103808,52.22543391,143.25,25.25,178.2285,37.0
28,8,0.03,0.01,600,1,0.5,0.62103808,52.22543391,143.25,25.25,178.2285,37.0
29,8,0.05,0.0,600,1,0.5,0.62103808,52.22543391,143.25,25.25,178.2285,37.0
30,8,0.05,0.0001,600,1,0.5,0.62103808,52.22543391,143.25,25.25,178.2285,37.0
31,8,0.05,0.001,600,1,0.5,0.62103808,52.22543391,143.25,25.25,178.2285,37.0
32,8,0.05,0.01,600,1,0.5,0.62103808,52.22543391,143.25,25.25,178.2285,37.0
33,16,0.03,0.0,600,2,0.5,0.62103808,52.22543391,143.25,25.25,178.2285,37.0
34,16,0.03,0.0,600,13,0.5,0.62103808,52.22543391,143.25,25.25,178.2285,37.0
35,16,0.03,0.0001,600,2,0.5,0.62103808,52.22543391,143.25,25.25,178.2285,37.0
36,16,0.03,0.0001,600,13,0.5,0.62103808,52.22543391,143.25,25.25,178.2285,37.0
37,16,0.03,0.001,600,2,0.5,0.62103808,52.22543391,143.25,25.25,178.2285,37.0
38,16,0.03,0.001,600,13,0.5,0.62103808,52.22543391,143.25,25.25,178.2285,37.0
39,16,0.03,0.01,600,2,0.5,0.62103808,52.22543391,143.25,25.25,178.2285,37.0
40,16,0.03,0.01,600,13,0.5,0.62103808,52.22543391,143.25,25.25,178.2285,37.0
41,16,0.05,0.0,600,2,0.5,0.62103808,52.22543391,143.25,25.25,178.2285,37.0
42,16,0.05,0.0,600,13,0.5,0.62103808,52.22543391,143.25,25.25,178.2285,37.0
43,16,0.05,0.0001,600,2,0.5,0.62103808,52.22543391,143.25,25.25,178.2285,37.0
44,16,0.05,0.0001,600,13,0.5,0.62103808,52.22543391,143.25,25.25,178.2285,37.0
45,16,0.05,0.001,600,2,0.5,0.62103808,52.22543391,143.25,25.25,178.2285,37.0
46,16,0.05,0.001,600,13,0.5,0.62103808,52.22543391,143.25,25.25,178.2285,37.0
47,16,0.05,0.01,600,2,0.5,0.62103808,52.22543391,143.25,25.25,178.2285,37.0
48,16,0.05,0.01,600,13,0.5,0.62103808,52.22543391,143.25,25.25,178.2285,37.0
49,32,0.03,0.001,600,2,0.5,0.62103808,52.22543391,143.25,25.25,178.2285,37.0
50,32,0.03,0.01,600,2,0.5,0.62103808,52.22543391,143.25,25.25,178.2285,37.0
51,32,0.05,0.0,600,2,0.5,0.62103808,52.22543391,143.25,25.25,178.2285,37.0
52,32,0.05,0.0001,600,2,0.5,0.62103808,52.22543391,143.25,25.25,178.2285,37.0
53,32,0.05,0.001,600,2,0.5,0.62103808,52.22543391,143.25,25.25,178.2285,37.0
54,32,0.05,0.01,600,2,0.5,0.62103808,52.22543391,143.25,25.25,178.2285,37.0
55,4,0.005,0.0,600,2,0.25,0.62181175,53.67051279,157.5,24.25,176.956275,40.25
56,4,0.005,0.0001,600,2,0.25,0.62181175,53.67051279,157.5,24.25,176.956275,40.25
57,4,0.005,0.001,600,2,0.25,0.62181175,53.67051279,157.5,24.25,176.956275,40.25
58,4,0.005,0.01,600,2,0.25,0.62181175,53.67051279,157.5,24.25,176.956275,40.25
59,4,0.01,0.0,600,2,0.25,0.62181175,53.67051279,157.5,24.25,176.956275,40.25
60,4,0.01,0.0001,600,2,0.25,0.62181175,53.67051279,157.5,24.25,176.956275,40.25
61,4,0.01,0.001,600,2,0.25,0.62181175,53.67051279,157.5,24.25,176.956275,40.25
62,4,0.01,0.01,600,2,0.25,0.62181175,53.67051279,157.5,24.25,176.956275,40.25
63,4,0.03,0.0,600,2,0.25,0.62181175,53.67051279,157.5,24.25,176.956275,40.25
64,4,0.03,0.0,600,13,0.25,0.62181175,53.67051279,157.5,24.25,176.956275,40.25
65,4,0.03,0.0001,600,2,0.25,0.62181175,53.67051279,157.5,24.25,176.956275,40.25
66,4,0.03,0.0001,600,13,0.25,0.62181175,53.67051279,157.5,24.25,176.956275,40.25
67,4,0.03,0.001,600,2,0.25,0.62181175,53.67051279,157.5,24.25,176.956275,40.25
68,4,0.03,0.001,600,13,0.25,0.62181175,53.67051279,157.5,24.25,176.956275,40.25
69,4,0.03,0.01,600,2,0.25,0.62181175,53.67051279,157.5,24.25,176.956275,40.25
70,4,0.03,0.01,600,13,0.25,0.62181175,53.67051279,157.5,24.25,176.956275,40.25
71,4,0.05,0.0,600,2,0.25,0.62181175,53.67051279,157.5,24.25,176.956275,40.25
72,4,0.05,0.0,600,13,0.25,0.62181175,53.67051279,157.5,24.25,176.956275,40.25
73,4,0.05,0.0001,600,2,0.25,0.62181175,53.67051279,157.5,24.25,176.956275,40.25
74,4,0.05,0.0001,600,13,0.25,0.62181175,53.67051279,157.5,24.25,176.956275,40.25
75,4,0.05,0.001,600,2,0.25,0.62181175,53.67051279,157.5,24.25,176.956275,40.25
76,4,0.05,0.001,600,13,0.25,0.62181175,53.67051279,157.5,24.25,176.956275,40.25
77,4,0.05,0.01,600,2,0.25,0.62181175,53.67051279,157.5,24.25,176.956275,40.25
78,4,0.05,0.01,600,3,0.25,0.62181175,53.67051279,157.5,24.25,176.956275,40.25
79,4,0.05,0.01,600,13,0.25,0.62181175,53.67051279,157.5,24.25,176.956275,40.25
80,8,0.005,0.0,600,5,0.25,0.62181175,53.67051279,157.5,24.25,176.956275,40.25
81,8,0.005,0.0001,600,5,0.25,0.62181175,53.67051279,157.5,24.25,176.956275,40.25
82,8,0.005,0.001,600,5,0.25,0.62181175,53.67051279,157.5,24.25,176.956275,40.25
83,8,0.005,0.01,600,5,0.25,0.62181175,53.67051279,157.5,24.25,176.956275,40.25
84,8,0.01,0.0,600,5,0.25,0.62181175,53.67051279,157.5,24.25,176.956275,40.25
85,8,0.01,0.0001,600,5,0.25,0.62181175,53.67051279,157.5,24.25,176.956275,40.25
86,8,0.01,0.001,600,5,0.25,0.62181175,53.67051279,157.5,24.25,176.956275,40.25
87,8,0.01,0.01,600,5,0.25,0.62181175,53.67051279,157.5,24.25,176.956275,40.25
88,8,0.03,0.0,600,5,0.25,0.62181175,53.67051279,157.5,24.25,176.956275,40.25
89,8,0.03,0.0001,600,5,0.25,0.62181175,53.67051279,157.5,24.25,176.956275,40.25
90,8,0.03,0.001,600,5,0.25,0.62181175,53.67051279,157.5,24.25,176.956275,40.25
91,8,0.03,0.01,600,5,0.25,0.62181175,53.67051279,157.5,24.25,176.956275,40.25
92,8,0.03,0.01,600,8,0.25,0.62181175,53.67051279,157.5,24.25,176.956275,40.25
93,8,0.05,0.0,600,5,0.25,0.62181175,53.67051279,157.5,24.25,176.956275,40.25
94,8,0.05,0.0001,600,5,0.25,0.62181175,53.67051279,157.5,24.25,176.956275,40.25
95,8,0.05,0.001,600,5,0.25,0.62181175,53.67051279,157.5,24.25,176.956275,40.25
96,8,0.05,0.001,600,8,0.25,0.62181175,53.67051279,157.5,24.25,176.956275,40.25
97,8,0.05,0.01,600,3,0.25,0.62181175,53.67051279,157.5,24.25,176.956275,40.25
98,8,0.05,0.01,600,5,0.25,0.62181175,53.67051279,157.5,24.25,176.956275,40.25
99,8,0.05,0.01,600,8,0.25,0.62181175,53.67051279,157.5,24.25,176.956275,40.25
100,16,0.005,0.0,600,1,0.25,0.62181175,53.67051279,157.5,24.25,176.956275,40.25
101,16,0.005,0.0,600,8,0.25,0.62181175,53.67051279,157.5,24.25,176.956275,40.25
102,16,0.005,0.0001,600,1,0.25,0.62181175,53.67051279,157.5,24.25,176.956275,40.25
103,16,0.005,0.0001,600,8,0.25,0.62181175,53.67051279,157.5,24.25,176.956275,40.25
104,16,0.005,0.001,600,1,0.25,0.62181175,53.67051279,157.5,24.25,176.956275,40.25
105,16,0.005,0.001,600,8,0.25,0.62181175,53.67051279,157.5,24.25,176.956275,40.25
106,16,0.005,0.01,600,1,0.25,0.62181175,53.67051279,157.5,24.25,176.956275,40.25
107,16,0.005,0.01,600,8,0.25,0.62181175,53.67051279,157.5,24.25,176.956275,40.25
108,16,0.01,0.0,600,1,0.25,0.62181175,53.67051279,157.5,24.25,176.956275,40.25
109,16,0.01,0.0,600,8,0.25,0.62181175,53.67051279,157.5,24.25,176.956275,40.25
110,16,0.01,0.0001,600,1,0.25,0.62181175,53.67051279,157.5,24.25,176.956275,40.25
111,16,0.01,0.0001,600,8,0.25,0.62181175,53.67051279,157.5,24.25,176.956275,40.25
112,16,0.01,0.001,600,1,0.25,0.62181175,53.67051279,157.5,24.25,176.956275,40.25
113,16,0.01,0.001,600,8,0.25,0.62181175,53.67051279,157.5,24.25,176.956275,40.25
114,16,0.01,0.01,600,1,0.25,0.62181175,53.67051279,157.5,24.25,176.956275,40.25
115,16,0.01,0.01,600,8,0.25,0.62181175,53.67051279,157.5,24.25,176.956275,40.25
116,16,0.03,0.0,600,1,0.25,0.62181175,53.67051279,157.5,24.25,176.956275,40.25
117,16,0.03,0.0,600,8,0.25,0.62181175,53.67051279,157.5,24.25,176.956275,40.25
118,16,0.03,0.0001,600,1,0.25,0.62181175,53.67051279,157.5,24.25,176.956275,40.25
119,16,0.03,0.0001,600,8,0.25,0.62181175,53.67051279,157.5,24.25,176.956275,40.25
120,16,0.03,0.001,600,1,0.25,0.62181175,53.67051279,157.5,24.25,176.956275,40.25
121,16,0.03,0.001,600,8,0.25,0.62181175,53.67051279,157.5,24.25,176.956275,40.25
122,16,0.03,0.01,600,1,0.25,0.62181175,53.67051279,157.5,24.25,176.956275,40.25
123,16,0.03,0.01,600,8,0.25,0.62181175,53.67051279,157.5,24.25,176.956275,40.25
124,16,0.05,0.0,600,1,0.25,0.62181175,53.67051279,157.5,24.25,176.956275,40.25
125,16,0.05,0.0,600,8,0.25,0.62181175,53.67051279,157.5,24.25,176.956275,40.25
126,16,0.05,0.0001,600,1,0.25,0.62181175,53.67051279,157.5,24.25,176.956275,40.25
127,16,0.05,0.0001,600,8,0.25,0.62181175,53.67051279,157.5,24.25,176.956275,40.25
128,16,0.05,0.001,600,1,0.25,0.62181175,53.67051279,157.5,24.25,176.956275,40.25
129,16,0.05,0.001,600,8,0.25,0.62181175,53.67051279,157.5,24.25,176.956275,40.25
130,16,0.05,0.01,600,1,0.25,0.62181175,53.67051279,157.5,24.25,176.956275,40.25
131,16,0.05,0.01,600,8,0.25,0.62181175,53.67051279,157.5,24.25,176.956275,40.25
132,32,0.01,0.01,600,3,0.25,0.62181175,53.67051279,157.5,24.25,176.956275,40.25
133,32,0.03,0.0,600,3,0.25,0.62181175,53.67051279,157.5,24.25,176.956275,40.25
134,32,0.03,0.0,600,5,0.25,0.62181175,53.67051279,157.5,24.25,176.956275,40.25
135,32,0.03,0.0001,600,3,0.25,0.62181175,53.67051279,157.5,24.25,176.956275,40.25
136,32,0.03,0.0001,600,5,0.25,0.62181175,53.67051279,157.5,24.25,176.956275,40.25
137,32,0.03,0.001,600,3,0.25,0.62181175,53.67051279,157.5,24.25,176.956275,40.25
138,32,0.03,0.001,600,5,0.25,0.62181175,53.67051279,157.5,24.25,176.956275,40.25
139,32,0.03,0.01,600,3,0.25,0.62181175,53.67051279,157.5,24.25,176.956275,40.25
140,32,0.03,0.01,600,5,0.25,0.62181175,53.67051279,157.5,24.25,176.956275,40.25
141,32,0.05,0.0,600,3,0.25,0.62181175,53.67051279,157.5,24.25,176.956275,40.25
142,32,0.05,0.0,600,5,0.25,0.62181175,53.67051279,157.5,24.25,176.956275,40.25
143,32,0.05,0.0001,600,3,0.25,0.62181175,53.67051279,157.5,24.25,176.956275,40.25
144,32,0.05,0.0001,600,5,0.25,0.62181175,53.67051279,157.5,24.25,176.956275,40.25
145,32,0.05,0.001,600,3,0.25,0.62181175,53.67051279,157.5,24.25,176.956275,40.25
146,32,0.05,0.001,600,5,0.25,0.62181175,53.67051279,157.5,24.25,176.956275,40.25
147,32,0.05,0.01,600,3,0.25,0.62181175,53.67051279,157.5,24.25,176.956275,40.25
148,32,0.05,0.01,600,5,0.25,0.62181175,53.67051279,157.5,24.25,176.956275,40.25
149,4,0.005,0.0,600,13,0.25,0.62119281,53.76179698,150.75,24.25,181.8515,39.5
150,4,0.005,0.0001,600,13,0.25,0.62119281,53.76179698,150.75,24.25,181.8515,39.5
151,4,0.005,0.001,600,13,0.25,0.62119281,53.76179698,150.75,24.25,181.8515,39.5
152,4,0.005,0.01,600,13,0.25,0.62119281,53.76179698,150.75,24.25,181.8515,39.5
153,4,0.01,0.0,600,13,0.25,0.62119281,53.76179698,150.75,24.25,181.8515,39.5
154,4,0.01,0.0001,600,13,0.25,0.62119281,53.76179698,150.75,24.25,181.8515,39.5
155,4,0.01,0.001,600,13,0.25,0.62119281,53.76179698,150.75,24.25,181.8515,39.5
156,4,0.01,0.01,600,13,0.25,0.62119281,53.76179698,150.75,24.25,181.8515,39.5
157,32,0.005,0.0,600,2,0.5,0.62350389,54.16213098,149.0,25.5,185.76235,39.25
158,32,0.005,0.0001,600,2,0.5,0.62350389,54.16213098,149.0,25.5,185.76235,39.25
159,32,0.005,0.001,600,2,0.5,0.62350389,54.16213098,149.0,25.5,185.76235,39.25
160,32,0.005,0.01,600,2,0.5,0.62350389,54.16213098,149.0,25.5,185.76235,39.25
161,32,0.01,0.0,600,2,0.5,0.62350389,54.16213098,149.0,25.5,185.76235,39.25
162,32,0.01,0.0001,600,2,0.5,0.62350389,54.16213098,149.0,25.5,185.76235,39.25
163,32,0.01,0.001,600,2,0.5,0.62350389,54.16213098,149.0,25.5,185.76235,39.25
164,32,0.01,0.01,600,2,0.5,0.62350389,54.16213098,149.0,25.5,185.76235,39.25
165,32,0.03,0.0,600,2,0.5,0.62350389,54.16213098,149.0,25.5,185.76235,39.25
166,32,0.03,0.0001,600,2,0.5,0.62350389,54.16213098,149.0,25.5,185.76235,39.25
167,16,0.005,0.0,600,2,0.25,0.6259452,54.31331915,191.75,25.25,179.372325,37.0
168,16,0.005,0.0001,600,2,0.25,0.6259452,54.31331915,191.75,25.25,179.372325,37.0
169,16,0.005,0.001,600,2,0.25,0.6259452,54.31331915,191.75,25.25,179.372325,37.0
170,16,0.005,0.01,600,2,0.25,0.6259452,54.31331915,191.75,25.25,179.372325,37.0
171,16,0.01,0.0,600,2,0.25,0.6259452,54.31331915,191.75,25.25,179.372325,37.0
172,16,0.01,0.0001,600,2,0.25,0.6259452,54.31331915,191.75,25.25,179.372325,37.0
173,16,0.01,0.001,600,2,0.25,0.6259452,54.31331915,191.75,25.25,179.372325,37.0
174,16,0.01,0.01,600,2,0.25,0.6259452,54.31331915,191.75,25.25,179.372325,37.0
175,4,0.005,0.0,600,8,0.25,0.62724716,54.95271278,213.25,27.25,177.463725,36.75
176,4,0.005,0.0001,600,8,0.25,0.62724716,54.95271278,213.25,27.25,177.463725,36.75
177,4,0.005,0.001,600,8,0.25,0.62724716,54.95271278,213.25,27.25,177.463725,36.75
178,4,0.005,0.01,600,8,0.25,0.62724716,54.95271278,213.25,27.25,177.463725,36.75
179,8,0.005,0.0,600,2,0.25,0.62724716,54.95271278,213.25,27.25,177.463725,36.75
180,8,0.005,0.0001,600,2,0.25,0.62724716,54.95271278,213.25,27.25,177.463725,36.75
181,8,0.005,0.001,600,2,0.25,0.62724716,54.95271278,213.25,27.25,177.463725,36.75
182,8,0.005,0.01,600,2,0.25,0.62724716,54.95271278,213.25,27.25,177.463725,36.75
183,8,0.01,0.0,600,2,0.25,0.62724716,54.95271278,213.25,27.25,177.463725,36.75
184,8,0.01,0.0001,600,2,0.25,0.62724716,54.95271278,213.25,27.25,177.463725,36.75
185,8,0.01,0.001,600,2,0.25,0.62724716,54.95271278,213.25,27.25,177.463725,36.75
186,8,0.01,0.01,600,2,0.25,0.62724716,54.95271278,213.25,27.25,177.463725,36.75
187,8,0.03,0.0,600,2,0.25,0.62724716,54.95271278,213.25,27.25,177.463725,36.75
188,8,0.03,0.0001,600,2,0.25,0.62724716,54.95271278,213.25,27.25,177.463725,36.75
189,8,0.03,0.001,600,2,0.25,0.62724716,54.95271278,213.25,27.25,177.463725,36.75
190,8,0.03,0.01,600,2,0.25,0.62724716,54.95271278,213.25,27.25,177.463725,36.75
191,8,0.05,0.0,600,2,0.25,0.62724716,54.95271278,213.25,27.25,177.463725,36.75
192,8,0.05,0.0001,600,2,0.25,0.62724716,54.95271278,213.25,27.25,177.463725,36.75
193,8,0.05,0.001,600,2,0.25,0.62724716,54.95271278,213.25,27.25,177.463725,36.75
194,8,0.05,0.01,600,2,0.25,0.62724716,54.95271278,213.25,27.25,177.463725,36.75
195,16,0.005,0.0,600,5,0.25,0.62724716,54.95271278,213.25,27.25,177.463725,36.75
196,16,0.005,0.0001,600,5,0.25,0.62724716,54.95271278,213.25,27.25,177.463725,36.75
197,16,0.005,0.001,600,5,0.25,0.62724716,54.95271278,213.25,27.25,177.463725,36.75
198,16,0.005,0.01,600,5,0.25,0.62724716,54.95271278,213.25,27.25,177.463725,36.75
199,16,0.01,0.0,600,5,0.25,0.62724716,54.95271278,213.25,27.25,177.463725,36.75
200,16,0.01,0.0001,600,5,0.25,0.62724716,54.95271278,213.25,27.25,177.463725,36.75
201,16,0.01,0.001,600,5,0.25,0.62724716,54.95271278,213.25,27.25,177.463725,36.75
202,16,0.01,0.01,600,5,0.25,0.62724716,54.95271278,213.25,27.25,177.463725,36.75
203,16,0.03,0.0,600,5,0.25,0.62724716,54.95271278,213.25,27.25,177.463725,36.75
204,16,0.03,0.0001,600,5,0.25,0.62724716,54.95271278,213.25,27.25,177.463725,36.75
205,16,0.03,0.001,600,5,0.25,0.62724716,54.95271278,213.25,27.25,177.463725,36.75
206,16,0.03,0.01,600,5,0.25,0.62724716,54.95271278,213.25,27.25,177.463725,36.75
207,16,0.05,0.0,600,5,0.25,0.62724716,54.95271278,213.25,27.25,177.463725,36.75
208,16,0.05,0.0001,600,5,0.25,0.62724716,54.95271278,213.25,27.25,177.463725,36.75
209,16,0.05,0.001,600,5,0.25,0.62724716,54.95271278,213.25,27.25,177.463725,36.75
210,16,0.05,0.01,600,5,0.25,0.62724716,54.95271278,213.25,27.25,177.463725,36.75
211,4,0.03,0.01,600,5,0.25,0.62427756,55.60720985,163.25,24.5,184.490125,42.5
212,4,0.05,0.01,600,5,0.25,0.62427756,55.60720985,163.25,24.5,184.490125,42.5
213,8,0.005,0.0,600,3,0.25,0.62427756,55.60720985,163.25,24.5,184.490125,42.5
214,8,0.005,0.0001,600,3,0.25,0.62427756,55.60720985,163.25,24.5,184.490125,42.5
215,8,0.005,0.001,600,3,0.25,0.62427756,55.60720985,163.25,24.5,184.490125,42.5
216,8,0.005,0.01,600,3,0.25,0.62427756,55.60720985,163.25,24.5,184.490125,42.5
217,8,0.01,0.0,600,3,0.25,0.62427756,55.60720985,163.25,24.5,184.490125,42.5
218,8,0.01,0.0001,600,3,0.25,0.62427756,55.60720985,163.25,24.5,184.490125,42.5
219,8,0.01,0.001,600,3,0.25,0.62427756,55.60720985,163.25,24.5,184.490125,42.5
220,8,0.01,0.01,600,3,0.25,0.62427756,55.60720985,163.25,24.5,184.490125,42.5
221,8,0.03,0.0,600,3,0.25,0.62427756,55.60720985,163.25,24.5,184.490125,42.5
222,8,0.03,0.0001,600,3,0.25,0.62427756,55.60720985,163.25,24.5,184.490125,42.5
223,8,0.03,0.001,600,3,0.25,0.62427756,55.60720985,163.25,24.5,184.490125,42.5
224,8,0.03,0.01,600,3,0.25,0.62427756,55.60720985,163.25,24.5,184.490125,42.5
225,8,0.05,0.0,600,3,0.25,0.62427756,55.60720985,163.25,24.5,184.490125,42.5
226,8,0.05,0.0001,600,3,0.25,0.62427756,55.60720985,163.25,24.5,184.490125,42.5
227,8,0.05,0.001,600,3,0.25,0.62427756,55.60720985,163.25,24.5,184.490125,42.5
228,32,0.005,0.0,600,13,0.25,0.62802082,56.07588749,227.5,26.25,176.9496,38.75
229,32,0.005,0.0001,600,13,0.25,0.62802082,56.07588749,227.5,26.25,176.9496,38.75
230,32,0.005,0.001,600,13,0.25,0.62802082,56.07588749,227.5,26.25,176.9496,38.75
231,32,0.005,0.01,600,13,0.25,0.62802082,56.07588749,227.5,26.25,176.9496,38.75
232,32,0.01,0.0,600,13,0.25,0.62802082,56.07588749,227.5,26.25,176.9496,38.75
233,32,0.01,0.0001,600,13,0.25,0.62802082,56.07588749,227.5,26.25,176.9496,38.75
234,32,0.01,0.001,600,13,0.25,0.62802082,56.07588749,227.5,26.25,176.9496,38.75
235,32,0.01,0.01,600,13,0.25,0.62802082,56.07588749,227.5,26.25,176.9496,38.75
236,32,0.03,0.0,600,13,0.25,0.62802082,56.07588749,227.5,26.25,176.9496,38.75
237,32,0.03,0.0001,600,13,0.25,0.62802082,56.07588749,227.5,26.25,176.9496,38.75
238,32,0.03,0.001,600,13,0.25,0.62802082,56.07588749,227.5,26.25,176.9496,38.75
239,32,0.03,0.01,600,13,0.25,0.62802082,56.07588749,227.5,26.25,176.9496,38.75
240,32,0.05,0.0,600,13,0.25,0.62802082,56.07588749,227.5,26.25,176.9496,38.75
241,32,0.05,0.0001,600,13,0.25,0.62802082,56.07588749,227.5,26.25,176.9496,38.75
242,32,0.05,0.001,600,13,0.25,0.62802082,56.07588749,227.5,26.25,176.9496,38.75
243,4,0.01,0.0,600,8,0.0,0.62802082,56.39779165,227.5,26.25,176.1915,40.0
244,4,0.01,0.0001,600,8,0.0,0.62802082,56.39779165,227.5,26.25,176.1915,40.0
245,4,0.01,0.001,600,8,0.0,0.62802082,56.39779165,227.5,26.25,176.1915,40.0
246,4,0.01,0.01,600,8,0.0,0.62802082,56.39779165,227.5,26.25,176.1915,40.0
247,4,0.03,0.0,600,8,0.0,0.62802082,56.39779165,227.5,26.25,176.1915,40.0
248,4,0.03,0.0001,600,8,0.0,0.62802082,56.39779165,227.5,26.25,176.1915,40.0
249,4,0.03,0.001,600,8,0.0,0.62802082,56.39779165,227.5,26.25,176.1915,40.0
250,4,0.03,0.01,600,8,0.0,0.62802082,56.39779165,227.5,26.25,176.1915,40.0
251,4,0.05,0.0,600,8,0.0,0.62802082,56.39779165,227.5,26.25,176.1915,40.0
252,4,0.05,0.0001,600,8,0.0,0.62802082,56.39779165,227.5,26.25,176.1915,40.0
253,4,0.05,0.001,600,8,0.0,0.62802082,56.39779165,227.5,26.25,176.1915,40.0
254,4,0.05,0.01,600,8,0.0,0.62802082,56.39779165,227.5,26.25,176.1915,40.0
255,8,0.01,0.0,600,13,0.0,0.62802082,56.39779165,227.5,26.25,176.1915,40.0
256,8,0.01,0.0001,600,13,0.0,0.62802082,56.39779165,227.5,26.25,176.1915,40.0
257,8,0.01,0.001,600,13,0.0,0.62802082,56.39779165,227.5,26.25,176.1915,40.0
258,8,0.01,0.01,600,13,0.0,0.62802082,56.39779165,227.5,26.25,176.1915,40.0
259,8,0.03,0.0,600,13,0.0,0.62802082,56.39779165,227.5,26.25,176.1915,40.0
260,8,0.03,0.0001,600,13,0.0,0.62802082,56.39779165,227.5,26.25,176.1915,40.0
261,8,0.03,0.001,600,13,0.0,0.62802082,56.39779165,227.5,26.25,176.1915,40.0
262,8,0.03,0.01,600,13,0.0,0.62802082,56.39779165,227.5,26.25,176.1915,40.0
263,8,0.05,0.0,600,13,0.0,0.62802082,56.39779165,227.5,26.25,176.1915,40.0
264,8,0.05,0.0001,600,13,0.0,0.62802082,56.39779165,227.5,26.25,176.1915,40.0
265,8,0.05,0.001,600,13,0.0,0.62802082,56.39779165,227.5,26.25,176.1915,40.0
266,8,0.05,0.01,600,13,0.0,0.62802082,56.39779165,227.5,26.25,176.1915,40.0
267,16,0.01,0.0,600,3,0.0,0.62802082,56.39779165,227.5,26.25,176.1915,40.0
268,16,0.01,0.0001,600,3,0.0,0.62802082,56.39779165,227.5,26.25,176.1915,40.0
269,16,0.01,0.001,600,3,0.0,0.62802082,56.39779165,227.5,26.25,176.1915,40.0
270,16,0.01,0.01,600,3,0.0,0.62802082,56.39779165,227.5,26.25,176.1915,40.0
271,16,0.03,0.0,600,3,0.0,0.62802082,56.39779165,227.5,26.25,176.1915,40.0
272,16,0.03,0.0001,600,3,0.0,0.62802082,56.39779165,227.5,26.25,176.1915,40.0
273,16,0.03,0.001,600,3,0.0,0.62802082,56.39779165,227.5,26.25,176.1915,40.0
274,16,0.03,0.01,600,3,0.0,0.62802082,56.39779165,227.5,26.25,176.1915,40.0
275,16,0.05,0.0,600,3,0.0,0.62802082,56.39779165,227.5,26.25,176.1915,40.0
276,16,0.05,0.0001,600,3,0.0,0.62802082,56.39779165,227.5,26.25,176.1915,40.0
277,16,0.05,0.001,600,3,0.0,0.62802082,56.39779165,227.5,26.25,176.1915,40.0
278,16,0.05,0.01,600,3,0.0,0.62802082,56.39779165,227.5,26.25,176.1915,40.0
279,32,0.005,0.0,600,8,0.0,0.62802082,56.39779165,227.5,26.25,176.1915,40.0
280,32,0.005,0.0001,600,8,0.0,0.62802082,56.39779165,227.5,26.25,176.1915,40.0
281,32,0.005,0.001,600,8,0.0,0.62802082,56.39779165,227.5,26.25,176.1915,40.0
282,32,0.005,0.01,600,8,0.0,0.62802082,56.39779165,227.5,26.25,176.1915,40.0
283,32,0.01,0.0,600,8,0.0,0.62802082,56.39779165,227.5,26.25,176.1915,40.0
284,32,0.01,0.0001,600,8,0.0,0.62802082,56.39779165,227.5,26.25,176.1915,40.0
285,32,0.01,0.001,600,8,0.0,0.62802082,56.39779165,227.5,26.25,176.1915,40.0
286,32,0.01,0.01,600,8,0.0,0.62802082,56.39779165,227.5,26.25,176.1915,40.0
287,32,0.03,0.0,600,8,0.0,0.62802082,56.39779165,227.5,26.25,176.1915,40.0
288,32,0.03,0.0001,600,8,0.0,0.62802082,56.39779165,227.5,26.25,176.1915,40.0
289,32,0.03,0.001,600,8,0.0,0.62802082,56.39779165,227.5,26.25,176.1915,40.0
290,32,0.03,0.01,600,8,0.0,0.62802082,56.39779165,227.5,26.25,176.1915,40.0
291,32,0.05,0.0,600,8,0.0,0.62802082,56.39779165,227.5,26.25,176.1915,40.0
292,32,0.05,0.0001,600,8,0.0,0.62802082,56.39779165,227.5,26.25,176.1915,40.0
293,32,0.05,0.001,600,8,0.0,0.62802082,56.39779165,227.5,26.25,176.1915,40.0
294,32,0.05,0.01,600,8,0.0,0.62802082,56.39779165,227.5,26.25,176.1915,40.0
295,32,0.05,0.01,600,13,0.0,0.62802082,56.39779165,227.5,26.25,176.1915,40.0
296,4,0.005,0.0,600,5,0.0,0.63048663,58.33448872,233.25,26.5,183.72535,42.25
297,4,0.005,0.0001,600,5,0.0,0.63048663,58.33448872,233.25,26.5,183.72535,42.25
298,4,0.005,0.001,600,5,0.0,0.63048663,58.33448872,233.25,26.5,183.72535,42.25
299,4,0.005,0.01,600,5,0.0,0.63048663,58.33448872,233.25,26.5,183.72535,42.25
300,4,0.01,0.0,600,5,0.0,0.63048663,58.33448872,233.25,26.5,183.72535,42.25
301,4,0.01,0.0001,600,5,0.0,0.63048663,58.33448872,233.25,26.5,183.72535,42.25
302,4,0.01,0.001,600,5,0.0,0.63048663,58.33448872,233.25,26.5,183.72535,42.25
303,4,0.01,0.01,600,5,0.0,0.63048663,58.33448872,233.25,26.5,183.72535,42.25
304,4,0.03,0.0,600,5,0.0,0.63048663,58.33448872,233.25,26.5,183.72535,42.25
305,4,0.03,0.0001,600,5,0.0,0.63048663,58.33448872,233.25,26.5,183.72535,42.25
306,4,0.03,0.001,600,5,0.0,0.63048663,58.33448872,233.25,26.5,183.72535,42.25
307,4,0.05,0.0,600,5,0.0,0.63048663,58.33448872,233.25,26.5,183.72535,42.25
308,4,0.05,0.0001,600,5,0.0,0.63048663,58.33448872,233.25,26.5,183.72535,42.25
309,4,0.05,0.001,600,5,0.0,0.63048663,58.33448872,233.25,26.5,183.72535,42.25
310,8,0.005,0.0,600,13,0.0,0.62633953,59.97709786,194.75,27.5,206.8194,43.0
311,8,0.005,0.0001,600,13,0.0,0.62633953,59.97709786,194.75,27.5,206.8194,43.0
312,8,0.005,0.001,600,13,0.0,0.62633953,59.97709786,194.75,27.5,206.8194,43.0
313,8,0.005,0.01,600,13,0.0,0.62633953,59.97709786,194.75,27.5,206.8194,43.0
314,8,0.01,0.0,600,8,0.0,0.62633953,59.97709786,194.75,27.5,206.8194,43.0
315,8,0.01,0.0001,600,8,0.0,0.62633953,59.97709786,194.75,27.5,206.8194,43.0
316,8,0.01,0.001,600,8,0.0,0.62633953,59.97709786,194.75,27.5,206.8194,43.0
317,8,0.01,0.01,600,8,0.0,0.62633953,59.97709786,194.75,27.5,206.8194,43.0
318,8,0.03,0.0,600,8,0.0,0.62633953,59.97709786,194.75,27.5,206.8194,43.0
319,8,0.03,0.0001,600,8,0.0,0.62633953,59.97709786,194.75,27.5,206.8194,43.0
320,8,0.03,0.001,600,8,0.0,0.62633953,59.97709786,194.75,27.5,206.8194,43.0
321,8,0.05,0.0,600,8,0.0,0.62633953,59.97709786,194.75,27.5,206.8194,43.0
322,8,0.05,0.0001,600,8,0.0,0.62633953,59.97709786,194.75,27.5,206.8194,43.0
323,32,0.005,0.0,600,3,0.0,0.62956528,61.81136216,217.5,29.25,210.154375,44.25
324,32,0.005,0.0001,600,3,0.0,0.62956528,61.81136216,217.5,29.25,210.154375,44.25
325,32,0.005,0.001,600,3,0.0,0.62956528,61.81136216,217.5,29.25,210.154375,44.25
326,32,0.005,0.01,600,3,0.0,0.62956528,61.81136216,217.5,29.25,210.154375,44.25
327,32,0.01,0.0,600,3,0.0,0.62956528,61.81136216,217.5,29.25,210.154375,44.25
328,32,0.01,0.0001,600,3,0.0,0.62956528,61.81136216,217.5,29.25,210.154375,44.25
329,32,0.01,0.001,600,3,0.0,0.62956528,61.81136216,217.5,29.25,210.154375,44.25
330,8,0.005,0.0,600,8,0.0,0.62558306,62.77455077,186.25,27.5,221.925075,46.75
331,8,0.005,0.0001,600,8,0.0,0.62558306,62.77455077,186.25,27.5,221.925075,46.75
332,8,0.005,0.001,600,8,0.0,0.62558306,62.77455077,186.25,27.5,221.925075,46.75
333,8,0.005,0.01,600,8,0.0,0.62558306,62.77455077,186.25,27.5,221.925075,46.75
334,16,0.005,0.0,600,13,0.5,0.62657346,69.96597346,155.25,28.75,271.5352,53.25
335,16,0.005,0.0001,600,13,0.5,0.62657346,69.96597346,155.25,28.75,271.5352,53.25
336,16,0.005,0.001,600,13,0.5,0.62657346,69.96597346,155.25,28.75,271.5352,53.25
337,16,0.005,0.01,600,13,0.5,0.62657346,69.96597346,155.25,28.75,271.5352,53.25
338,16,0.01,0.0,600,13,0.5,0.62657346,69.96597346,155.25,28.75,271.5352,53.25
339,16,0.01,0.0001,600,13,0.5,0.62657346,69.96597346,155.25,28.75,271.5352,53.25
340,16,0.01,0.001,600,13,0.5,0.62657346,69.96597346,155.25,28.75,271.5352,53.25
341,16,0.01,0.01,600,13,0.5,0.62657346,69.96597346,155.25,28.75,271.5352,53.25
342,4,0.005,0.0,600,3,0.25,0.62936543,71.78620085,181.0,30.25,265.90135,57.5
343,4,0.005,0.0001,600,3,0.25,0.62936543,71.78620085,181.0,30.25,265.90135,57.5
344,4,0.005,0.001,600,3,0.25,0.62936543,71.78620085,181.0,30.25,265.90135,57.5
345,4,0.005,0.01,600,3,0.25,0.62936543,71.78620085,181.0,30.25,265.90135,57.5
346,4,0.01,0.0,600,3,0.25,0.62936543,71.78620085,181.0,30.25,265.90135,57.5
347,4,0.01,0.0001,600,3,0.25,0.62936543,71.78620085,181.0,30.25,265.90135,57.5
348,4,0.01,0.001,600,3,0.25,0.62936543,71.78620085,181.0,30.25,265.90135,57.5
349,4,0.01,0.01,600,3,0.25,0.62936543,71.78620085,181.0,30.25,265.90135,57.5
350,4,0.03,0.0,600,3,0.25,0.62936543,71.78620085,181.0,30.25,265.90135,57.5
351,4,0.03,0.0001,600,3,0.25,0.62936543,71.78620085,181.0,30.25,265.90135,57.5
352,4,0.03,0.001,600,3,0.25,0.62936543,71.78620085,181.0,30.25,265.90135,57.5
353,4,0.03,0.01,600,3,0.25,0.62936543,71.78620085,181.0,30.25,265.90135,57.5
354,4,0.05,0.0,600,3,0.25,0.62936543,71.78620085,181.0,30.25,265.90135,57.5
355,4,0.05,0.0001,600,3,0.25,0.62936543,71.78620085,181.0,30.25,265.90135,57.5
356,4,0.05,0.001,600,3,0.25,0.62936543,71.78620085,181.0,30.25,265.90135,57.5
357,16,0.005,0.0,600,3,0.0,0.6335562,74.1383312,239.5,29.75,269.4982,56.25
358,16,0.005,0.0001,600,3,0.0,0.6335562,74.1383312,239.5,29.75,269.4982,56.25
359,16,0.005,0.001,600,3,0.0,0.6335562,74.1383312,239.5,29.75,269.4982,56.25
360,16,0.005,0.01,600,3,0.0,0.6335562,74.1383312,239.5,29.75,269.4982,56.25
361,32,0.005,0.0,600,5,0.25,0.62186522,156.75776105,153.25,25.0,611.3805,187.0
362,32,0.005,0.0001,600,5,0.25,0.62186522,156.75776105,153.25,25.0,611.3805,187.0
363,32,0.005,0.001,600,5,0.25,0.62186522,156.75776105,153.25,25.0,611.3805,187.0
364,32,0.005,0.01,600,5,0.25,0.62186522,156.75776105,153.25,25.0,611.3805,187.0
365,32,0.01,0.0,600,5,0.25,0.62186522,156.75776105,153.25,25.0,611.3805,187.0
366,32,0.01,0.0001,600,5,0.25,0.62186522,156.75776105,153.25,25.0,611.3805,187.0
367,32,0.01,0.001,600,5,0.25,0.62186522,156.75776105,153.25,25.0,611.3805,187.0
368,32,0.01,0.01,600,5,0.25,0.62186522,156.75776105,153.25,25.0,611.3805,187.0
369,32,0.005,0.0,600,1,0.25,0.62322806,166.0633791,160.75,26.25,648.247875,200.0
370,32,0.005,0.0001,600,1,0.25,0.62322806,166.0633791,160.75,26.25,648.247875,200.0
371,32,0.005,0.001,600,1,0.25,0.62322806,166.0633791,160.75,26.25,648.247875,200.0
372,32,0.005,0.01,600,1,0.25,0.62322806,166.0633791,160.75,26.25,648.247875,200.0
373,32,0.01,0.0,600,1,0.25,0.62322806,166.0633791,160.75,26.25,648.247875,200.0
374,32,0.01,0.0001,600,1,0.25,0.62322806,166.0633791,160.75,26.25,648.247875,200.0
375,32,0.01,0.001,600,1,0.25,0.62322806,166.0633791,160.75,26.25,648.247875,200.0
376,32,0.01,0.01,600,1,0.25,0.62322806,166.0633791,160.75,26.25,648.247875,200.0
377,32,0.03,0.0,600,1,0.25,0.62322806,166.0633791,160.75,26.25,648.247875,200.0
378,32,0.03,0.0001,600,1,0.25,0.62322806,166.0633791,160.75,26.25,648.247875,200.0
379,32,0.03,0.001,600,1,0.25,0.62322806,166.0633791,160.75,26.25,648.247875,200.0
380,32,0.03,0.01,600,1,0.25,0.62322806,166.0633791,160.75,26.25,648.247875,200.0
381,32,0.05,0.0,600,1,0.25,0.62322806,166.0633791,160.75,26.25,648.247875,200.0
382,32,0.05,0.0001,600,1,0.25,0.62322806,166.0633791,160.75,26.25,648.247875,200.0
383,32,0.05,0.001,600,1,0.25,0.62322806,166.0633791,160.75,26.25,648.247875,200.0
384,32,0.05,0.01,600,1,0.25,0.62322806,166.0633791,160.75,26.25,648.247875,200.0
