sample_id,source_name,category,phase,target_split,candidate,candidate_root,candidate_kind,is_base_keep,is_satin_like,allowed_by_professional_gate,gate_reason,professional_utility,planner_branch,branch_confidence,branch_line_score,mask_area_ratio,skeleton_area_ratio,skeleton_to_mask_ratio,skeleton_components,large_skeleton_components,largest_skeleton_component,unified_loss,base_unified_loss,delta_unified_loss,jump_count,base_jump_count,delta_jump_count,trim_count,base_trim_count,delta_trim_count,off_mask_stitch_length_mm,base_off_mask_stitch_length_mm,delta_off_mask_stitch_length_mm,visible_connector_count,base_visible_connector_count,delta_visible_connector_count,coverage_ratio,base_coverage_ratio,delta_coverage_ratio,stitch_precision_ratio,base_stitch_precision_ratio,delta_stitch_precision_ratio,fill_rows,base_fill_rows,delta_fill_rows,outline_points,base_outline_points,delta_outline_points,satin_columns,base_satin_columns,delta_satin_columns,satin_rail_segments,base_satin_rail_segments,delta_satin_rail_segments,dt_satin_segments,base_dt_satin_segments,delta_dt_satin_segments,style_running_points,base_style_running_points,delta_style_running_points,texture_score,base_texture_score,delta_texture_score,is_teacher_choice,teacher_candidate,teacher_kind,teacher_is_texture_switch
ocp_001,Openclipart,flower,core,public_benchmark_v1,base_keep,results\public_benchmark_v1_ext33_m2_72_line_skeleton_profile,base_keep,1,0,1,base_keep,0.0,flat_icon_fill,1.0,0.0,0.306793212890625,0.01605224609375,0.05232268974435492,76,26,132,0.08927397,0.08927397,0.0,10,10,0.0,1,1,0.0,0.0,0.0,0.0,0,0,0.0,0.988461,0.988461,0.0,0.833711,0.833711,0.0,110.0,110.0,0.0,0.0,0.0,0.0,0.0,0.0,0.0,0.0,0.0,0.0,0.0,0.0,0.0,0.0,0.0,0.0,0.22,0.22,0.0,1,base_keep,base_keep,0
ocp_001,Openclipart,flower,core,public_benchmark_v1,satinrail_safeadt_light,results\public_benchmark_v1_ext33_m2_73_texture_satinrail_safeadt_light,satin_rail,0,1,0,loss_increase,-0.4854018,flat_icon_fill,1.0,0.0,0.306793212890625,0.01605224609375,0.05232268974435492,76,26,132,0.15391877,0.08927397,0.0646448,17,10,7.0,2,1,1.0,0.0,0.0,0.0,0,0,0.0,0.988461,0.988461,0.0,0.8312,0.833711,-0.002511,110.0,110.0,0.0,0.0,0.0,0.0,0.0,0.0,0.0,106.0,0.0,106.0,0.0,0.0,0.0,0.0,0.0,0.0,1.28,0.22,1.06,0,base_keep,base_keep,0
ocp_001,Openclipart,flower,core,public_benchmark_v1,dtsatin_safeadt_light,results\public_benchmark_v1_ext33_m2_73_texture_dtsatin_safeadt_light,dt_satin,0,1,0,loss_increase,-0.43761214,flat_icon_fill,1.0,0.0,0.306793212890625,0.01605224609375,0.05232268974435492,76,26,132,0.15392266,0.08927397,0.06464869,17,10,7.0,2,1,1.0,0.0,0.0,0.0,0,0,0.0,0.988461,0.988461,0.0,0.830471,0.833711,-0.00324,110.0,110.0,0.0,0.0,0.0,0.0,0.0,0.0,0.0,0.0,0.0,0.0,111.0,0.0,111.0,0.0,0.0,0.0,1.33,0.22,1.11,0,base_keep,base_keep,0
ocp_001,Openclipart,flower,core,public_benchmark_v1,satinrail_w4_s18_i4_cap40,results\public_benchmark_v1_ext33_m2_74_texture_satinrail_w4_s18_i4_cap40,satin_rail,0,1,0,loss_increase,-1.0414019,flat_icon_fill,1.0,0.0,0.306793212890625,0.01605224609375,0.05232268974435492,76,26,132,0.15391362,0.08927397,0.06463965,17,10,7.0,2,1,1.0,0.0,0.0,0.0,0,0,0.0,0.988461,0.988461,0.0,0.832523,0.833711,-0.001188,110.0,110.0,0.0,0.0,0.0,0.0,0.0,0.0,0.0,50.0,0.0,50.0,0.0,0.0,0.0,0.0,0.0,0.0,0.72,0.22,0.5,0,base_keep,base_keep,0
ocp_001,Openclipart,flower,core,public_benchmark_v1,satinrail_w5_s16_i5_cap45,results\public_benchmark_v1_ext33_m2_74_texture_satinrail_w5_s16_i5_cap45,satin_rail,0,1,0,loss_increase,-0.88875998,flat_icon_fill,1.0,0.0,0.306793212890625,0.01605224609375,0.05232268974435492,76,26,132,0.1539098,0.08927397,0.06463583,17,10,7.0,2,1,1.0,0.0,0.0,0.0,0,0,0.0,0.988461,0.988461,0.0,0.833396,0.833711,-0.000315,110.0,110.0,0.0,0.0,0.0,0.0,0.0,0.0,0.0,65.0,0.0,65.0,0.0,0.0,0.0,0.0,0.0,0.0,0.87,0.22,0.65,0,base_keep,base_keep,0
ocp_002,Openclipart,butterfly,core,public_benchmark_v1,base_keep,results\public_benchmark_v1_ext33_m2_72_line_skeleton_profile,base_keep,1,0,1,base_keep,0.0,flat_icon_fill,1.0,0.0,0.3115234375,0.00811767578125,0.026057993730407524,98,34,52,0.01645384,0.01645384,0.0,2,2,0.0,0,0,0.0,0.0,0.0,0.0,0,0,0.0,0.971346,0.971346,0.0,0.943255,0.943255,0.0,42.0,42.0,0.0,0.0,0.0,0.0,0.0,0.0,0.0,0.0,0.0,0.0,0.0,0.0,0.0,0.0,0.0,0.0,0.084,0.084,0.0,1,base_keep,base_keep,0
ocp_002,Openclipart,butterfly,core,public_benchmark_v1,satinrail_safeadt_light,results\public_benchmark_v1_ext33_m2_73_texture_satinrail_safeadt_light,satin_rail,0,1,0,precision_drop_too_large,0.54374116,flat_icon_fill,1.0,0.0,0.3115234375,0.00811767578125,0.026057993730407524,98,34,52,0.03273498,0.01645384,0.01628114,4,2,2.0,0,0,0.0,0.0,0.0,0.0,0,0,0.0,0.989665,0.971346,0.018319,0.894185,0.943255,-0.04907,53.0,42.0,11.0,0.0,0.0,0.0,0.0,0.0,0.0,103.0,0.0,103.0,0.0,0.0,0.0,0.0,0.0,0.0,1.136,0.084,1.052,0,base_keep,base_keep,0
ocp_002,Openclipart,butterfly,core,public_benchmark_v1,dtsatin_safeadt_light,results\public_benchmark_v1_ext33_m2_73_texture_dtsatin_safeadt_light,dt_satin,0,1,0,precision_drop_too_large,0.56097814,flat_icon_fill,1.0,0.0,0.3115234375,0.00811767578125,0.026057993730407524,98,34,52,0.03276615,0.01645384,0.01631231,4,2,2.0,0,0,0.0,0.0,0.0,0.0,0,0,0.0,0.991281,0.971346,0.019935,0.892249,0.943255,-0.051006,53.0,42.0,11.0,0.0,0.0,0.0,0.0,0.0,0.0,0.0,0.0,0.0,105.0,0.0,105.0,0.0,0.0,0.0,1.156,0.084,1.072,0,base_keep,base_keep,0
ocp_002,Openclipart,butterfly,core,public_benchmark_v1,satinrail_w4_s18_i4_cap40,results\public_benchmark_v1_ext33_m2_74_texture_satinrail_w4_s18_i4_cap40,satin_rail,0,1,0,precision_drop_too_large,0.01184218,flat_icon_fill,1.0,0.0,0.3115234375,0.00811767578125,0.026057993730407524,98,34,52,0.03276581,0.01645384,0.01631197,4,2,2.0,0,0,0.0,0.0,0.0,0.0,0,0,0.0,0.988489,0.971346,0.017143,0.897731,0.943255,-0.045524,53.0,42.0,11.0,0.0,0.0,0.0,0.0,0.0,0.0,49.0,0.0,49.0,0.0,0.0,0.0,0.0,0.0,0.0,0.596,0.084,0.512,0,base_keep,base_keep,0
ocp_002,Openclipart,butterfly,core,public_benchmark_v1,satinrail_w5_s16_i5_cap45,results\public_benchmark_v1_ext33_m2_74_texture_satinrail_w5_s16_i5_cap45,satin_rail,0,1,0,precision_drop_too_large,0.14431054,flat_icon_fill,1.0,0.0,0.3115234375,0.00811767578125,0.026057993730407524,98,34,52,0.03285725,0.01645384,0.01640341,4,2,2.0,0,0,0.0,0.0,0.0,0.0,0,0,0.0,0.988391,0.971346,0.017045,0.898802,0.943255,-0.044453,53.0,42.0,11.0,0.0,0.0,0.0,0.0,0.0,0.0,62.0,0.0,62.0,0.0,0.0,0.0,0.0,0.0,0.0,0.726,0.084,0.642,0,base_keep,base_keep,0
ocp_003,Openclipart,cat,core,public_benchmark_v1,base_keep,results\public_benchmark_v1_ext33_m2_72_line_skeleton_profile,base_keep,1,0,1,base_keep,0.0,flat_icon_fill,1.0,0.0,0.2653350830078125,0.0072174072265625,0.027201104146299386,59,14,127,0.03313396,0.03313396,0.0,4,4,0.0,0,0,0.0,0.0,0.0,0.0,0,0,0.0,0.995802,0.995802,0.0,0.933175,0.933175,0.0,53.0,53.0,0.0,0.0,0.0,0.0,0.0,0.0,0.0,0.0,0.0,0.0,0.0,0.0,0.0,0.0,0.0,0.0,0.106,0.106,0.0,1,base_keep,base_keep,0
ocp_003,Openclipart,cat,core,public_benchmark_v1,satinrail_safeadt_light,results\public_benchmark_v1_ext33_m2_73_texture_satinrail_safeadt_light,satin_rail,0,1,0,jump_increase,-1.74171574,flat_icon_fill,1.0,0.0,0.2653350830078125,0.0072174072265625,0.027201104146299386,59,14,127,0.14584925,0.03313396,0.11271529,16,4,12.0,2,0,2.0,0.0,0.0,0.0,0,0,0.0,0.99839,0.995802,0.002588,0.898975,0.933175,-0.0342,54.0,53.0,1.0,0.0,0.0,0.0,0.0,0.0,0.0,103.0,0.0,103.0,0.0,0.0,0.0,0.0,0.0,0.0,1.138,0.106,1.032,0,base_keep,base_keep,0
ocp_003,Openclipart,cat,core,public_benchmark_v1,dtsatin_safeadt_light,results\public_benchmark_v1_ext33_m2_73_texture_dtsatin_safeadt_light,dt_satin,0,1,0,jump_increase,-1.6972412,flat_icon_fill,1.0,0.0,0.2653350830078125,0.0072174072265625,0.027201104146299386,59,14,127,0.14584116,0.03313396,0.1127072,16,4,12.0,2,0,2.0,0.0,0.0,0.0,0,0,0.0,0.998677,0.995802,0.002875,0.900259,0.933175,-0.032916,54.0,53.0,1.0,0.0,0.0,0.0,0.0,0.0,0.0,0.0,0.0,0.0,107.0,0.0,107.0,0.0,0.0,0.0,1.178,0.106,1.072,0,base_keep,base_keep,0
ocp_003,Openclipart,cat,core,public_benchmark_v1,satinrail_w4_s18_i4_cap40,results\public_benchmark_v1_ext33_m2_74_texture_satinrail_w4_s18_i4_cap40,satin_rail,0,1,0,jump_increase,-2.18195804,flat_icon_fill,1.0,0.0,0.2653350830078125,0.0072174072265625,0.027201104146299386,59,14,127,0.1458393,0.03313396,0.11270534,16,4,12.0,2,0,2.0,0.0,0.0,0.0,0,0,0.0,0.996377,0.995802,0.000575,0.906883,0.933175,-0.026292,54.0,53.0,1.0,0.0,0.0,0.0,0.0,0.0,0.0,57.0,0.0,57.0,0.0,0.0,0.0,0.0,0.0,0.0,0.678,0.106,0.572,0,base_keep,base_keep,0
ocp_003,Openclipart,cat,core,public_benchmark_v1,satinrail_w5_s16_i5_cap45,results\public_benchmark_v1_ext33_m2_74_texture_satinrail_w5_s16_i5_cap45,satin_rail,0,1,0,jump_increase,-2.05615664,flat_icon_fill,1.0,0.0,0.2653350830078125,0.0072174072265625,0.027201104146299386,59,14,127,0.1458319,0.03313396,0.11269794,16,4,12.0,2,0,2.0,0.0,0.0,0.0,0,0,0.0,0.994997,0.995802,-0.000805,0.909722,0.933175,-0.023453,54.0,53.0,1.0,0.0,0.0,0.0,0.0,0.0,0.0,69.0,0.0,69.0,0.0,0.0,0.0,0.0,0.0,0.0,0.798,0.106,0.692,0,base_keep,base_keep,0
ocp_004,Openclipart,koi_fish,core,public_benchmark_v1,base_keep,results\public_benchmark_v1_ext33_m2_72_line_skeleton_profile,base_keep,1,0,1,base_keep,0.0,flat_icon_fill,1.0,0.0,0.2473602294921875,0.0081939697265625,0.03312565541915983,88,19,140,0.06662868,0.06662868,0.0,6,6,0.0,1,1,0.0,0.4955,0.4955,0.0,0,0,0.0,0.998581,0.998581,0.0,0.870697,0.870697,0.0,59.0,59.0,0.0,0.0,0.0,0.0,0.0,0.0,0.0,0.0,0.0,0.0,0.0,0.0,0.0,0.0,0.0,0.0,0.118,0.118,0.0,1,base_keep,base_keep,0
ocp_004,Openclipart,koi_fish,core,public_benchmark_v1,satinrail_safeadt_light,results\public_benchmark_v1_ext33_m2_73_texture_satinrail_safeadt_light,satin_rail,0,1,0,loss_increase,-0.2629964,flat_icon_fill,1.0,0.0,0.2473602294921875,0.0081939697265625,0.03312565541915983,88,19,140,0.11179358,0.06662868,0.0451649,12,6,6.0,2,1,1.0,0.0,0.4955,-0.4955,0,0,0.0,0.997903,0.998581,-0.000678,0.87448,0.870697,0.003783,58.0,59.0,-1.0,0.0,0.0,0.0,0.0,0.0,0.0,100.0,0.0,100.0,0.0,0.0,0.0,0.0,0.0,0.0,1.116,0.118,0.998,0,base_keep,base_keep,0
ocp_004,Openclipart,koi_fish,core,public_benchmark_v1,dtsatin_safeadt_light,results\public_benchmark_v1_ext33_m2_73_texture_dtsatin_safeadt_light,dt_satin,0,1,0,loss_increase,-0.0670324,flat_icon_fill,1.0,0.0,0.2473602294921875,0.0081939697265625,0.03312565541915983,88,19,140,0.11179358,0.06662868,0.0451649,12,6,6.0,2,1,1.0,0.0,0.4955,-0.4955,0,0,0.0,0.997471,0.998581,-0.00111,0.886756,0.870697,0.016059,58.0,59.0,-1.0,0.0,0.0,0.0,0.0,0.0,0.0,0.0,0.0,0.0,116.0,0.0,116.0,0.0,0.0,0.0,1.276,0.118,1.158,0,base_keep,base_keep,0
ocp_004,Openclipart,koi_fish,core,public_benchmark_v1,satinrail_w4_s18_i4_cap40,results\public_benchmark_v1_ext33_m2_74_texture_satinrail_w4_s18_i4_cap40,satin_rail,0,1,0,loss_increase,-0.67166266,flat_icon_fill,1.0,0.0,0.2473602294921875,0.0081939697265625,0.03312565541915983,88,19,140,0.11176779,0.06662868,0.04513911,12,6,6.0,2,1,1.0,0.0,0.4955,-0.4955,0,0,0.0,0.996977,0.998581,-0.001604,0.882157,0.870697,0.01146,58.0,59.0,-1.0,0.0,0.0,0.0,0.0,0.0,0.0,57.0,0.0,57.0,0.0,0.0,0.0,0.0,0.0,0.0,0.686,0.118,0.568,0,base_keep,base_keep,0
ocp_004,Openclipart,koi_fish,core,public_benchmark_v1,satinrail_w5_s16_i5_cap45,results\public_benchmark_v1_ext33_m2_74_texture_satinrail_w5_s16_i5_cap45,satin_rail,0,1,0,loss_increase,-0.53383592,flat_icon_fill,1.0,0.0,0.2473602294921875,0.0081939697265625,0.03312565541915983,88,19,140,0.1117595,0.06662868,0.04513082,12,6,6.0,2,1,1.0,0.0,0.4955,-0.4955,0,0,0.0,0.996546,0.998581,-0.002035,0.88837,0.870697,0.017673,58.0,59.0,-1.0,0.0,0.0,0.0,0.0,0.0,0.0,69.0,0.0,69.0,0.0,0.0,0.0,0.0,0.0,0.0,0.806,0.118,0.688,0,base_keep,base_keep,0
ocp_005,Openclipart,public_domain_logo,core,public_benchmark_v1,base_keep,results\public_benchmark_v1_ext33_m2_72_line_skeleton_profile,base_keep,1,0,1,base_keep,0.0,flat_icon_fill,1.0,0.0,0.3162841796875,0.003875732421875,0.012253956001543805,3,1,252,0.03311236,0.03311236,0.0,4,4,0.0,0,0,0.0,0.0,0.0,0.0,0,0,0.0,1.0,1.0,0.0,0.964093,0.964093,0.0,16.0,16.0,0.0,0.0,0.0,0.0,0.0,0.0,0.0,0.0,0.0,0.0,0.0,0.0,0.0,0.0,0.0,0.0,0.032,0.032,0.0,0,dtsatin_safeadt_light,dt_satin,1
ocp_005,Openclipart,public_domain_logo,core,public_benchmark_v1,satinrail_safeadt_light,results\public_benchmark_v1_ext33_m2_73_texture_satinrail_safeadt_light,satin_rail,0,1,1,professional_texture_allowed,0.94240066,flat_icon_fill,1.0,0.0,0.3162841796875,0.003875732421875,0.012253956001543805,3,1,252,0.03311525,0.03311236,2.89e-06,4,4,0.0,0,0,0.0,0.0,0.0,0.0,0,0,0.0,1.0,1.0,0.0,0.954899,0.964093,-0.009194,16.0,16.0,0.0,0.0,0.0,0.0,0.0,0.0,0.0,97.0,0.0,97.0,0.0,0.0,0.0,0.0,0.0,0.0,1.002,0.032,0.97,0,dtsatin_safeadt_light,dt_satin,1
ocp_005,Openclipart,public_domain_logo,core,public_benchmark_v1,dtsatin_safeadt_light,results\public_benchmark_v1_ext33_m2_73_texture_dtsatin_safeadt_light,dt_satin,0,1,1,professional_texture_allowed,0.94780366,flat_icon_fill,1.0,0.0,0.3162841796875,0.003875732421875,0.012253956001543805,3,1,252,0.03311525,0.03311236,2.89e-06,4,4,0.0,0,0,0.0,0.0,0.0,0.0,0,0,0.0,1.0,1.0,0.0,0.9467,0.964093,-0.017393,16.0,16.0,0.0,0.0,0.0,0.0,0.0,0.0,0.0,0.0,0.0,0.0,100.0,0.0,100.0,0.0,0.0,0.0,1.032,0.032,1.0,1,dtsatin_safeadt_light,dt_satin,1
ocp_005,Openclipart,public_domain_logo,core,public_benchmark_v1,satinrail_w4_s18_i4_cap40,results\public_benchmark_v1_ext33_m2_74_texture_satinrail_w4_s18_i4_cap40,satin_rail,0,1,1,professional_texture_allowed,0.51206866,flat_icon_fill,1.0,0.0,0.3162841796875,0.003875732421875,0.012253956001543805,3,1,252,0.03311525,0.03311236,2.89e-06,4,4,0.0,0,0,0.0,0.0,0.0,0.0,0,0,0.0,1.0,1.0,0.0,0.961455,0.964093,-0.002638,16.0,16.0,0.0,0.0,0.0,0.0,0.0,0.0,0.0,52.0,0.0,52.0,0.0,0.0,0.0,0.0,0.0,0.0,0.552,0.032,0.52,0,dtsatin_safeadt_light,dt_satin,1
ocp_005,Openclipart,public_domain_logo,core,public_benchmark_v1,satinrail_w5_s16_i5_cap45,results\public_benchmark_v1_ext33_m2_74_texture_satinrail_w5_s16_i5_cap45,satin_rail,0,1,1,professional_texture_allowed,0.67998266,flat_icon_fill,1.0,0.0,0.3162841796875,0.003875732421875,0.012253956001543805,3,1,252,0.03311525,0.03311236,2.89e-06,4,4,0.0,0,0,0.0,0.0,0.0,0.0,0,0,0.0,1.0,1.0,0.0,0.964093,0.964093,0.0,16.0,16.0,0.0,0.0,0.0,0.0,0.0,0.0,0.0,68.0,0.0,68.0,0.0,0.0,0.0,0.0,0.0,0.0,0.712,0.032,0.68,0,dtsatin_safeadt_light,dt_satin,1
ocp_006,Openclipart,butterfly_2,full,public_benchmark_v1,base_keep,results\public_benchmark_v1_ext33_m2_72_line_skeleton_profile,base_keep,1,0,1,base_keep,0.0,flat_icon_fill,1.0,0.0,0.372222900390625,0.007781982421875,0.020906780355825202,112,22,93,0.0459051,0.0459051,0.0,3,3,0.0,0,0,0.0,0.9428,0.9428,0.0,0,0,0.0,0.988768,0.988768,0.0,0.92991,0.92991,0.0,0.0,0.0,0.0,0.0,0.0,0.0,0.0,0.0,0.0,0.0,0.0,0.0,0.0,0.0,0.0,0.0,0.0,0.0,0.0,0.0,0.0,1,base_keep,base_keep,0
ocp_006,Openclipart,butterfly_2,full,public_benchmark_v1,satinrail_safeadt_light,results\public_benchmark_v1_ext33_m2_73_texture_satinrail_safeadt_light,satin_rail,0,1,0,loss_increase,0.00633044,flat_icon_fill,1.0,0.0,0.372222900390625,0.007781982421875,0.020906780355825202,112,22,93,0.09398936,0.0459051,0.04808426,8,3,5.0,1,0,1.0,0.9428,0.9428,0.0,0,0,0.0,0.989506,0.988768,0.000738,0.92703,0.92991,-0.00288,46.0,0.0,46.0,0.0,0.0,0.0,0.0,0.0,0.0,106.0,0.0,106.0,0.0,0.0,0.0,0.0,0.0,0.0,1.152,0.0,1.152,0,base_keep,base_keep,0
ocp_006,Openclipart,butterfly_2,full,public_benchmark_v1,dtsatin_safeadt_light,results\public_benchmark_v1_ext33_m2_73_texture_dtsatin_safeadt_light,dt_satin,0,1,0,loss_increase,0.06411448,flat_icon_fill,1.0,0.0,0.372222900390625,0.007781982421875,0.020906780355825202,112,22,93,0.09401352,0.0459051,0.04810842,8,3,5.0,1,0,1.0,0.9428,0.9428,0.0,0,0,0.0,0.989342,0.988768,0.000574,0.926449,0.92991,-0.003461,46.0,0.0,46.0,0.0,0.0,0.0,0.0,0.0,0.0,0.0,0.0,0.0,112.0,0.0,112.0,0.0,0.0,0.0,1.212,0.0,1.212,0,base_keep,base_keep,0
ocp_006,Openclipart,butterfly_2,full,public_benchmark_v1,satinrail_w4_s18_i4_cap40,results\public_benchmark_v1_ext33_m2_74_texture_satinrail_w4_s18_i4_cap40,satin_rail,0,1,0,loss_increase,-0.47965722,flat_icon_fill,1.0,0.0,0.372222900390625,0.007781982421875,0.020906780355825202,112,22,93,0.09398197,0.0459051,0.04807687,8,3,5.0,1,0,1.0,0.9428,0.9428,0.0,0,0,0.0,0.989219,0.988768,0.000451,0.928544,0.92991,-0.001366,46.0,0.0,46.0,0.0,0.0,0.0,0.0,0.0,0.0,57.0,0.0,57.0,0.0,0.0,0.0,0.0,0.0,0.0,0.662,0.0,0.662,0,base_keep,base_keep,0
ocp_006,Openclipart,butterfly_2,full,public_benchmark_v1,satinrail_w5_s16_i5_cap45,results\public_benchmark_v1_ext33_m2_74_texture_satinrail_w5_s16_i5_cap45,satin_rail,0,1,0,loss_increase,-0.37633124,flat_icon_fill,1.0,0.0,0.372222900390625,0.007781982421875,0.020906780355825202,112,22,93,0.09397214,0.0459051,0.04806704,8,3,5.0,1,0,1.0,0.9428,0.9428,0.0,0,0,0.0,0.98885,0.988768,8.2e-05,0.929879,0.92991,-3.1e-05,46.0,0.0,46.0,0.0,0.0,0.0,0.0,0.0,0.0,67.0,0.0,67.0,0.0,0.0,0.0,0.0,0.0,0.0,0.762,0.0,0.762,0,base_keep,base_keep,0
ocp_007,Openclipart,sitting_cat,full,public_benchmark_v1,base_keep,results\public_benchmark_v1_ext33_m2_72_line_skeleton_profile,base_keep,1,0,1,base_keep,0.0,flat_icon_fill,1.0,0.0,0.3506317138671875,0.0093841552734375,0.026763566734844858,51,9,215,0.0445497,0.0445497,0.0,4,4,0.0,0,0,0.0,0.4955,0.4955,0.0,0,0,0.0,1.0,1.0,0.0,0.874258,0.874258,0.0,0.0,0.0,0.0,0.0,0.0,0.0,0.0,0.0,0.0,0.0,0.0,0.0,0.0,0.0,0.0,0.0,0.0,0.0,0.0,0.0,0.0,1,base_keep,base_keep,0
ocp_007,Openclipart,sitting_cat,full,public_benchmark_v1,satinrail_safeadt_light,results\public_benchmark_v1_ext33_m2_73_texture_satinrail_safeadt_light,satin_rail,0,1,0,off_mask_increase,-3.06631276,flat_icon_fill,1.0,0.0,0.3506317138671875,0.0093841552734375,0.026763566734844858,51,9,215,0.15056516,0.0445497,0.10601546,15,4,11.0,2,0,2.0,0.59,0.4955,0.0945,0,0,0.0,1.0,1.0,0.0,0.895518,0.874258,0.02126,68.0,0.0,68.0,0.0,0.0,0.0,0.0,0.0,0.0,111.0,0.0,111.0,0.0,0.0,0.0,0.0,0.0,0.0,1.246,0.0,1.246,0,base_keep,base_keep,0
ocp_007,Openclipart,sitting_cat,full,public_benchmark_v1,dtsatin_safeadt_light,results\public_benchmark_v1_ext33_m2_73_texture_dtsatin_safeadt_light,dt_satin,0,1,0,off_mask_increase,-2.55234526,flat_icon_fill,1.0,0.0,0.3506317138671875,0.0093841552734375,0.026763566734844858,51,9,215,0.15001841,0.0445497,0.10546871,15,4,11.0,2,0,2.0,0.5657,0.4955,0.0702,0,0,0.0,0.999652,1.0,-0.000348,0.903979,0.874258,0.029721,68.0,0.0,68.0,0.0,0.0,0.0,0.0,0.0,0.0,0.0,0.0,0.0,111.0,0.0,111.0,0.0,0.0,0.0,1.246,0.0,1.246,0,base_keep,base_keep,0
ocp_007,Openclipart,sitting_cat,full,public_benchmark_v1,satinrail_w4_s18_i4_cap40,results\public_benchmark_v1_ext33_m2_74_texture_satinrail_w4_s18_i4_cap40,satin_rail,0,1,0,jump_increase,-1.63156376,flat_icon_fill,1.0,0.0,0.3506317138671875,0.0093841552734375,0.026763566734844858,51,9,215,0.13729016,0.0445497,0.09274046,15,4,11.0,2,0,2.0,0.0,0.4955,-0.4955,0,0,0.0,0.999739,1.0,-0.000261,0.900725,0.874258,0.026467,68.0,0.0,68.0,0.0,0.0,0.0,0.0,0.0,0.0,56.0,0.0,56.0,0.0,0.0,0.0,0.0,0.0,0.0,0.696,0.0,0.696,0,base_keep,base_keep,0
ocp_007,Openclipart,sitting_cat,full,public_benchmark_v1,satinrail_w5_s16_i5_cap45,results\public_benchmark_v1_ext33_m2_74_texture_satinrail_w5_s16_i5_cap45,satin_rail,0,1,0,off_mask_increase,-2.94798026,flat_icon_fill,1.0,0.0,0.3506317138671875,0.0093841552734375,0.026763566734844858,51,9,215,0.15001841,0.0445497,0.10546871,15,4,11.0,2,0,2.0,0.5657,0.4955,0.0702,0,0,0.0,0.999739,1.0,-0.000261,0.905376,0.874258,0.031118,68.0,0.0,68.0,0.0,0.0,0.0,0.0,0.0,0.0,71.0,0.0,71.0,0.0,0.0,0.0,0.0,0.0,0.0,0.846,0.0,0.846,0,base_keep,base_keep,0
ocp_008,Openclipart,fish,full,public_benchmark_v1,base_keep,results\public_benchmark_v1_ext33_m2_72_line_skeleton_profile,base_keep,1,0,1,base_keep,0.0,flat_icon_fill,1.0,0.0,0.27093505859375,0.0114288330078125,0.04218292408200045,111,37,64,0.04416606,0.04416606,0.0,4,4,0.0,0,0,0.0,0.4955,0.4955,0.0,0,0,0.0,1.0,1.0,0.0,0.807752,0.807752,0.0,0.0,0.0,0.0,0.0,0.0,0.0,0.0,0.0,0.0,0.0,0.0,0.0,0.0,0.0,0.0,0.0,0.0,0.0,0.0,0.0,0.0,1,base_keep,base_keep,0
ocp_008,Openclipart,fish,full,public_benchmark_v1,satinrail_safeadt_light,results\public_benchmark_v1_ext33_m2_73_texture_satinrail_safeadt_light,satin_rail,0,1,0,jump_increase,-1.47908974,flat_icon_fill,1.0,0.0,0.27093505859375,0.0114288330078125,0.04218292408200045,111,37,64,0.15309235,0.04416606,0.10892629,17,4,13.0,2,0,2.0,0.0,0.4955,-0.4955,0,0,0.0,0.997466,1.0,-0.002534,0.850264,0.807752,0.042512,76.0,0.0,76.0,0.0,0.0,0.0,0.0,0.0,0.0,105.0,0.0,105.0,0.0,0.0,0.0,0.0,0.0,0.0,1.202,0.0,1.202,0,base_keep,base_keep,0
ocp_008,Openclipart,fish,full,public_benchmark_v1,dtsatin_safeadt_light,results\public_benchmark_v1_ext33_m2_73_texture_dtsatin_safeadt_light,dt_satin,0,1,0,jump_increase,-1.46825892,flat_icon_fill,1.0,0.0,0.27093505859375,0.0114288330078125,0.04218292408200045,111,37,64,0.16371738,0.04416606,0.11955132,17,4,13.0,2,0,2.0,0.4714,0.4955,-0.0241,0,0,0.0,0.997747,1.0,-0.002253,0.854937,0.807752,0.047185,76.0,0.0,76.0,0.0,0.0,0.0,0.0,0.0,0.0,0.0,0.0,0.0,111.0,0.0,111.0,0.0,0.0,0.0,1.262,0.0,1.262,0,base_keep,base_keep,0
ocp_008,Openclipart,fish,full,public_benchmark_v1,satinrail_w4_s18_i4_cap40,results\public_benchmark_v1_ext33_m2_74_texture_satinrail_w4_s18_i4_cap40,satin_rail,0,1,0,off_mask_increase,-20.16596192,flat_icon_fill,1.0,0.0,0.27093505859375,0.0114288330078125,0.04218292408200045,111,37,64,0.18453138,0.04416606,0.14036532,17,4,13.0,2,0,2.0,1.3977,0.4955,0.9022,0,0,0.0,0.997409,1.0,-0.002591,0.855556,0.807752,0.047804,76.0,0.0,76.0,0.0,0.0,0.0,0.0,0.0,0.0,58.0,0.0,58.0,0.0,0.0,0.0,0.0,0.0,0.0,0.732,0.0,0.732,0,base_keep,base_keep,0
ocp_008,Openclipart,fish,full,public_benchmark_v1,satinrail_w5_s16_i5_cap45,results\public_benchmark_v1_ext33_m2_74_texture_satinrail_w5_s16_i5_cap45,satin_rail,0,1,0,jump_increase,-1.85823056,flat_icon_fill,1.0,0.0,0.27093505859375,0.0114288330078125,0.04218292408200045,111,37,64,0.15307082,0.04416606,0.10890476,17,4,13.0,2,0,2.0,0.0,0.4955,-0.4955,0,0,0.0,0.997409,1.0,-0.002591,0.857212,0.807752,0.04946,76.0,0.0,76.0,0.0,0.0,0.0,0.0,0.0,0.0,65.0,0.0,65.0,0.0,0.0,0.0,0.0,0.0,0.0,0.802,0.0,0.802,0,base_keep,base_keep,0
ocp_009,Openclipart,flower_2,full,public_benchmark_v1,base_keep,results\public_benchmark_v1_ext33_m2_72_line_skeleton_profile,base_keep,1,0,1,base_keep,0.0,flat_icon_fill,0.55,0.45,0.234771728515625,0.01824951171875,0.07773300402963733,217,62,110,0.02474275,0.02474275,0.0,3,3,0.0,0,0,0.0,0.0,0.0,0.0,0,0,0.0,0.99727,0.99727,0.0,0.765745,0.765745,0.0,118.0,118.0,0.0,0.0,0.0,0.0,0.0,0.0,0.0,0.0,0.0,0.0,0.0,0.0,0.0,0.0,0.0,0.0,0.236,0.236,0.0,1,base_keep,base_keep,0
ocp_009,Openclipart,flower_2,full,public_benchmark_v1,satinrail_safeadt_light,results\public_benchmark_v1_ext33_m2_73_texture_satinrail_safeadt_light,satin_rail,0,1,0,jump_increase,-1.48161212,flat_icon_fill,0.55,0.45,0.234771728515625,0.01824951171875,0.07773300402963733,217,62,110,0.12880527,0.02474275,0.10406252,14,3,11.0,2,0,2.0,0.0,0.0,0.0,0,0,0.0,0.989991,0.99727,-0.007279,0.778852,0.765745,0.013107,117.0,118.0,-1.0,0.0,0.0,0.0,0.0,0.0,0.0,97.0,0.0,97.0,0.0,0.0,0.0,0.0,0.0,0.0,1.204,0.236,0.968,0,base_keep,base_keep,0
ocp_009,Openclipart,flower_2,full,public_benchmark_v1,dtsatin_safeadt_light,results\public_benchmark_v1_ext33_m2_73_texture_dtsatin_safeadt_light,dt_satin,0,1,0,jump_increase,-1.75218708,flat_icon_fill,0.55,0.45,0.234771728515625,0.01824951171875,0.07773300402963733,217,62,110,0.14488443,0.02474275,0.12014168,16,3,13.0,2,0,2.0,0.0,0.0,0.0,0,0,0.0,0.990771,0.99727,-0.006499,0.783632,0.765745,0.017887,117.0,118.0,-1.0,0.0,0.0,0.0,0.0,0.0,0.0,0.0,0.0,0.0,108.0,0.0,108.0,0.0,0.0,0.0,1.314,0.236,1.078,0,base_keep,base_keep,0
ocp_009,Openclipart,flower_2,full,public_benchmark_v1,satinrail_w4_s18_i4_cap40,results\public_benchmark_v1_ext33_m2_74_texture_satinrail_w4_s18_i4_cap40,satin_rail,0,1,0,jump_increase,-1.81510374,flat_icon_fill,0.55,0.45,0.234771728515625,0.01824951171875,0.07773300402963733,217,62,110,0.12882154,0.02474275,0.10407879,14,3,11.0,2,0,2.0,0.0,0.0,0.0,0,0,0.0,0.988106,0.99727,-0.009164,0.785644,0.765745,0.019899,117.0,118.0,-1.0,0.0,0.0,0.0,0.0,0.0,0.0,62.0,0.0,62.0,0.0,0.0,0.0,0.0,0.0,0.0,0.854,0.236,0.618,0,base_keep,base_keep,0
ocp_009,Openclipart,flower_2,full,public_benchmark_v1,satinrail_w5_s16_i5_cap45,results\public_benchmark_v1_ext33_m2_74_texture_satinrail_w5_s16_i5_cap45,satin_rail,0,1,0,loss_increase,-0.73554986,flat_icon_fill,0.55,0.45,0.234771728515625,0.01824951171875,0.07773300402963733,217,62,110,0.08897456,0.02474275,0.06423181,10,3,7.0,1,0,1.0,0.0,0.0,0.0,0,0,0.0,0.988821,0.99727,-0.008449,0.788658,0.765745,0.022913,117.0,118.0,-1.0,0.0,0.0,0.0,0.0,0.0,0.0,75.0,0.0,75.0,0.0,0.0,0.0,0.0,0.0,0.0,0.984,0.236,0.748,0,base_keep,base_keep,0
ocp_010,Openclipart,thought_bubble,full,public_benchmark_v1,base_keep,results\public_benchmark_v1_ext33_m2_72_line_skeleton_profile,base_keep,1,0,1,base_keep,0.0,flat_icon_fill,1.0,0.0,0.3345184326171875,0.00445556640625,0.013319344980157825,77,15,66,0.008,0.008,0.0,1,1,0.0,0,0,0.0,0.0,0.0,0.0,0,0,0.0,0.688911,0.688911,0.0,0.988028,0.988028,0.0,0.0,0.0,0.0,0.0,0.0,0.0,0.0,0.0,0.0,0.0,0.0,0.0,0.0,0.0,0.0,0.0,0.0,0.0,0.0,0.0,0.0,1,base_keep,base_keep,0
ocp_010,Openclipart,thought_bubble,full,public_benchmark_v1,satinrail_safeadt_light,results\public_benchmark_v1_ext33_m2_73_texture_satinrail_safeadt_light,satin_rail,0,1,0,loss_increase,0.30547088,flat_icon_fill,1.0,0.0,0.3345184326171875,0.00445556640625,0.013319344980157825,77,15,66,0.05579052,0.008,0.04779052,6,1,5.0,1,0,1.0,0.0,0.0,0.0,0,0,0.0,0.999635,0.688911,0.310724,0.93295,0.988028,-0.055078,28.0,0.0,28.0,0.0,0.0,0.0,0.0,0.0,0.0,93.0,0.0,93.0,0.0,0.0,0.0,0.0,0.0,0.0,0.986,0.0,0.986,0,base_keep,base_keep,0
ocp_010,Openclipart,thought_bubble,full,public_benchmark_v1,dtsatin_safeadt_light,results\public_benchmark_v1_ext33_m2_73_texture_dtsatin_safeadt_light,dt_satin,0,1,0,loss_increase,0.35080088,flat_icon_fill,1.0,0.0,0.3345184326171875,0.00445556640625,0.013319344980157825,77,15,66,0.05579052,0.008,0.04779052,6,1,5.0,1,0,1.0,0.0,0.0,0.0,0,0,0.0,1.0,0.688911,0.311089,0.93115,0.988028,-0.056878,28.0,0.0,28.0,0.0,0.0,0.0,0.0,0.0,0.0,0.0,0.0,0.0,98.0,0.0,98.0,0.0,0.0,0.0,1.036,0.0,1.036,0,base_keep,base_keep,0
ocp_010,Openclipart,thought_bubble,full,public_benchmark_v1,satinrail_w4_s18_i4_cap40,results\public_benchmark_v1_ext33_m2_74_texture_satinrail_w4_s18_i4_cap40,satin_rail,0,1,0,loss_increase,-0.14156812,flat_icon_fill,1.0,0.0,0.3345184326171875,0.00445556640625,0.013319344980157825,77,15,66,0.05579052,0.008,0.04779052,6,1,5.0,1,0,1.0,0.0,0.0,0.0,0,0,0.0,0.999407,0.688911,0.310496,0.934089,0.988028,-0.053939,28.0,0.0,28.0,0.0,0.0,0.0,0.0,0.0,0.0,48.0,0.0,48.0,0.0,0.0,0.0,0.0,0.0,0.0,0.536,0.0,0.536,0,base_keep,base_keep,0
ocp_010,Openclipart,thought_bubble,full,public_benchmark_v1,satinrail_w5_s16_i5_cap45,results\public_benchmark_v1_ext33_m2_74_texture_satinrail_w5_s16_i5_cap45,satin_rail,0,1,0,loss_increase,-0.05895512,flat_icon_fill,1.0,0.0,0.3345184326171875,0.00445556640625,0.013319344980157825,77,15,66,0.05579052,0.008,0.04779052,6,1,5.0,1,0,1.0,0.0,0.0,0.0,0,0,0.0,0.999179,0.688911,0.310268,0.935112,0.988028,-0.052916,28.0,0.0,28.0,0.0,0.0,0.0,0.0,0.0,0.0,56.0,0.0,56.0,0.0,0.0,0.0,0.0,0.0,0.0,0.616,0.0,0.616,0,base_keep,base_keep,0
omj_001,OpenMoji,heart,core,public_benchmark_v1,base_keep,results\public_benchmark_v1_ext33_m2_72_line_skeleton_profile,base_keep,1,0,1,base_keep,0.0,flat_icon_fill,1.0,0.0,0.29913330078125,0.002593994140625,0.008671699653132013,49,3,97,0.054,0.054,0.0,0,0,0.0,9,9,0.0,0.0,0.0,0.0,0,0,0.0,0.955519,0.955519,0.0,0.917291,0.917291,0.0,0.0,0.0,0.0,0.0,0.0,0.0,0.0,0.0,0.0,0.0,0.0,0.0,0.0,0.0,0.0,0.0,0.0,0.0,0.0,0.0,0.0,0,dtsatin_safeadt_light,dt_satin,1
omj_001,OpenMoji,heart,core,public_benchmark_v1,satinrail_safeadt_light,results\public_benchmark_v1_ext33_m2_73_texture_satinrail_safeadt_light,satin_rail,0,1,1,professional_texture_allowed,-0.39751684,flat_icon_fill,1.0,0.0,0.29913330078125,0.002593994140625,0.008671699653132013,49,3,97,0.07242164,0.054,0.01842164,8,0,8.0,1,9,-8.0,0.0,0.0,0.0,0,0,0.0,0.999643,0.955519,0.044124,0.933546,0.917291,0.016255,38.0,0.0,38.0,0.0,0.0,0.0,0.0,0.0,0.0,70.0,0.0,70.0,0.0,0.0,0.0,0.0,0.0,0.0,0.776,0.0,0.776,0,dtsatin_safeadt_light,dt_satin,1
omj_001,OpenMoji,heart,core,public_benchmark_v1,dtsatin_safeadt_light,results\public_benchmark_v1_ext33_m2_73_texture_dtsatin_safeadt_light,dt_satin,0,1,1,professional_texture_allowed,-0.36780184,flat_icon_fill,1.0,0.0,0.29913330078125,0.002593994140625,0.008671699653132013,49,3,97,0.07242164,0.054,0.01842164,8,0,8.0,1,9,-8.0,0.0,0.0,0.0,0,0,0.0,1.0,0.955519,0.044481,0.933213,0.917291,0.015922,38.0,0.0,38.0,0.0,0.0,0.0,0.0,0.0,0.0,0.0,0.0,0.0,73.0,0.0,73.0,0.0,0.0,0.0,0.806,0.0,0.806,1,dtsatin_safeadt_light,dt_satin,1
omj_001,OpenMoji,heart,core,public_benchmark_v1,satinrail_w4_s18_i4_cap40,results\public_benchmark_v1_ext33_m2_74_texture_satinrail_w4_s18_i4_cap40,satin_rail,0,1,0,not_enough_satin_like_segments,-0.80404284,flat_icon_fill,1.0,0.0,0.29913330078125,0.002593994140625,0.008671699653132013,49,3,97,0.07242164,0.054,0.01842164,8,0,8.0,1,9,-8.0,0.0,0.0,0.0,0,0,0.0,0.999643,0.955519,0.044124,0.934704,0.917291,0.017413,38.0,0.0,38.0,0.0,0.0,0.0,0.0,0.0,0.0,29.0,0.0,29.0,0.0,0.0,0.0,0.0,0.0,0.0,0.366,0.0,0.366,0,dtsatin_safeadt_light,dt_satin,1
omj_001,OpenMoji,heart,core,public_benchmark_v1,satinrail_w5_s16_i5_cap45,results\public_benchmark_v1_ext33_m2_74_texture_satinrail_w5_s16_i5_cap45,satin_rail,0,1,1,professional_texture_allowed,-0.70350884,flat_icon_fill,1.0,0.0,0.29913330078125,0.002593994140625,0.008671699653132013,49,3,97,0.07242164,0.054,0.01842164,8,0,8.0,1,9,-8.0,0.0,0.0,0.0,0,0,0.0,0.999643,0.955519,0.044124,0.934882,0.917291,0.017591,38.0,0.0,38.0,0.0,0.0,0.0,0.0,0.0,0.0,39.0,0.0,39.0,0.0,0.0,0.0,0.0,0.0,0.0,0.466,0.0,0.466,0,dtsatin_safeadt_light,dt_satin,1
omj_002,OpenMoji,star,core,public_benchmark_v1,base_keep,results\public_benchmark_v1_ext33_m2_72_line_skeleton_profile,base_keep,1,0,1,base_keep,0.0,flat_icon_fill,1.0,0.0,0.2648468017578125,0.0052642822265625,0.019876706804171227,62,22,71,0.02469779,0.02469779,0.0,3,3,0.0,0,0,0.0,0.0,0.0,0.0,0,0,0.0,0.999481,0.999481,0.0,0.897558,0.897558,0.0,44.0,44.0,0.0,0.0,0.0,0.0,0.0,0.0,0.0,0.0,0.0,0.0,0.0,0.0,0.0,0.0,0.0,0.0,0.088,0.088,0.0,1,base_keep,base_keep,0
omj_002,OpenMoji,star,core,public_benchmark_v1,satinrail_safeadt_light,results\public_benchmark_v1_ext33_m2_73_texture_satinrail_safeadt_light,satin_rail,0,1,0,off_mask_increase,-21.09859928,flat_icon_fill,1.0,0.0,0.2648468017578125,0.0052642822265625,0.019876706804171227,62,22,71,0.12013767,0.02469779,0.09543988,11,3,8.0,1,0,1.0,1.0062,0.0,1.0062,0,0,0.0,0.99977,0.999481,0.000289,0.914712,0.897558,0.017154,42.0,44.0,-2.0,0.0,0.0,0.0,0.0,0.0,0.0,85.0,0.0,85.0,0.0,0.0,0.0,0.0,0.0,0.0,0.934,0.088,0.846,0,base_keep,base_keep,0
omj_002,OpenMoji,star,core,public_benchmark_v1,dtsatin_safeadt_light,results\public_benchmark_v1_ext33_m2_73_texture_dtsatin_safeadt_light,dt_satin,0,1,0,off_mask_increase,-21.06136228,flat_icon_fill,1.0,0.0,0.2648468017578125,0.0052642822265625,0.019876706804171227,62,22,71,0.12013767,0.02469779,0.09543988,11,3,8.0,1,0,1.0,1.0062,0.0,1.0062,0,0,0.0,0.999827,0.999481,0.000346,0.913753,0.897558,0.016195,42.0,44.0,-2.0,0.0,0.0,0.0,0.0,0.0,0.0,0.0,0.0,0.0,89.0,0.0,89.0,0.0,0.0,0.0,0.974,0.088,0.886,0,base_keep,base_keep,0
omj_002,OpenMoji,star,core,public_benchmark_v1,satinrail_w4_s18_i4_cap40,results\public_benchmark_v1_ext33_m2_74_texture_satinrail_w4_s18_i4_cap40,satin_rail,0,1,0,off_mask_increase,-21.49102976,flat_icon_fill,1.0,0.0,0.2648468017578125,0.0052642822265625,0.019876706804171227,62,22,71,0.12011625,0.02469779,0.09541846,11,3,8.0,1,0,1.0,1.0062,0.0,1.0062,0,0,0.0,0.999136,0.999481,-0.000345,0.917615,0.897558,0.020057,42.0,44.0,-2.0,0.0,0.0,0.0,0.0,0.0,0.0,45.0,0.0,45.0,0.0,0.0,0.0,0.0,0.0,0.0,0.534,0.088,0.446,0,base_keep,base_keep,0
omj_002,OpenMoji,star,core,public_benchmark_v1,satinrail_w5_s16_i5_cap45,results\public_benchmark_v1_ext33_m2_74_texture_satinrail_w5_s16_i5_cap45,satin_rail,0,1,0,off_mask_increase,-21.38789942,flat_icon_fill,1.0,0.0,0.2648468017578125,0.0052642822265625,0.019876706804171227,62,22,71,0.12009486,0.02469779,0.09539707,11,3,8.0,1,0,1.0,1.0062,0.0,1.0062,0,0,0.0,0.998387,0.999481,-0.001094,0.919115,0.897558,0.021557,42.0,44.0,-2.0,0.0,0.0,0.0,0.0,0.0,0.0,55.0,0.0,55.0,0.0,0.0,0.0,0.0,0.0,0.0,0.634,0.088,0.546,0,base_keep,base_keep,0
omj_003,OpenMoji,butterfly,core,public_benchmark_v1,base_keep,results\public_benchmark_v1_ext33_m2_72_line_skeleton_profile,base_keep,1,0,1,base_keep,0.0,flat_icon_fill,1.0,0.0,0.3516693115234375,0.0064544677734375,0.018353798759057578,65,15,87,0.08646574,0.08646574,0.0,9,9,0.0,2,2,0.0,0.0,0.0,0.0,0,0,0.0,1.0,1.0,0.0,0.896875,0.896875,0.0,0.0,0.0,0.0,0.0,0.0,0.0,0.0,0.0,0.0,0.0,0.0,0.0,0.0,0.0,0.0,0.0,0.0,0.0,0.0,0.0,0.0,0,dtsatin_safeadt_light,dt_satin,1
omj_003,OpenMoji,butterfly,core,public_benchmark_v1,satinrail_safeadt_light,results\public_benchmark_v1_ext33_m2_73_texture_satinrail_safeadt_light,satin_rail,0,1,1,professional_texture_allowed,0.60294884,flat_icon_fill,1.0,0.0,0.3516693115234375,0.0064544677734375,0.018353798759057578,65,15,87,0.1120606,0.08646574,0.02559486,12,9,3.0,2,2,0.0,0.0,0.0,0.0,0,0,0.0,0.999219,1.0,-0.000781,0.932235,0.896875,0.03536,46.0,0.0,46.0,0.0,0.0,0.0,0.0,0.0,0.0,101.0,0.0,101.0,0.0,0.0,0.0,0.0,0.0,0.0,1.102,0.0,1.102,0,dtsatin_safeadt_light,dt_satin,1
omj_003,OpenMoji,butterfly,core,public_benchmark_v1,dtsatin_safeadt_light,results\public_benchmark_v1_ext33_m2_73_texture_dtsatin_safeadt_light,dt_satin,0,1,1,professional_texture_allowed,0.63713778,flat_icon_fill,1.0,0.0,0.3516693115234375,0.0064544677734375,0.018353798759057578,65,15,87,0.11202611,0.08646574,0.02556037,12,9,3.0,2,2,0.0,0.0,0.0,0.0,0,0,0.0,0.998742,1.0,-0.001258,0.930547,0.896875,0.033672,46.0,0.0,46.0,0.0,0.0,0.0,0.0,0.0,0.0,0.0,0.0,0.0,105.0,0.0,105.0,0.0,0.0,0.0,1.142,0.0,1.142,1,dtsatin_safeadt_light,dt_satin,1
omj_003,OpenMoji,butterfly,core,public_benchmark_v1,satinrail_w4_s18_i4_cap40,results\public_benchmark_v1_ext33_m2_74_texture_satinrail_w4_s18_i4_cap40,satin_rail,0,1,0,off_mask_increase,-21.27616914,flat_icon_fill,1.0,0.0,0.3516693115234375,0.0064544677734375,0.018353798759057578,65,15,87,0.13600643,0.08646574,0.04954069,12,9,3.0,2,2,0.0,1.0648,0.0,1.0648,0,0,0.0,0.998481,1.0,-0.001519,0.936246,0.896875,0.039371,46.0,0.0,46.0,0.0,0.0,0.0,0.0,0.0,0.0,56.0,0.0,56.0,0.0,0.0,0.0,0.0,0.0,0.0,0.652,0.0,0.652,0,dtsatin_safeadt_light,dt_satin,1
omj_003,OpenMoji,butterfly,core,public_benchmark_v1,satinrail_w5_s16_i5_cap45,results\public_benchmark_v1_ext33_m2_74_texture_satinrail_w5_s16_i5_cap45,satin_rail,0,1,1,professional_texture_allowed,0.2281038,flat_icon_fill,1.0,0.0,0.3516693115234375,0.0064544677734375,0.018353798759057578,65,15,87,0.11206044,0.08646574,0.0255947,12,9,3.0,2,2,0.0,0.0,0.0,0.0,0,0,0.0,0.997961,1.0,-0.002039,0.938125,0.896875,0.04125,46.0,0.0,46.0,0.0,0.0,0.0,0.0,0.0,0.0,62.0,0.0,62.0,0.0,0.0,0.0,0.0,0.0,0.0,0.712,0.0,0.712,0,dtsatin_safeadt_light,dt_satin,1
omj_004,OpenMoji,fish,core,public_benchmark_v1,base_keep,results\public_benchmark_v1_ext33_m2_72_line_skeleton_profile,base_keep,1,0,1,base_keep,0.0,flat_icon_fill,1.0,0.0,0.2786102294921875,0.0035400390625,0.012706062763568652,70,7,92,0.04876926,0.04876926,0.0,3,3,0.0,0,0,0.0,1.075,1.075,0.0,0,0,0.0,0.997043,0.997043,0.0,0.950702,0.950702,0.0,38.0,38.0,0.0,0.0,0.0,0.0,0.0,0.0,0.0,0.0,0.0,0.0,0.0,0.0,0.0,0.0,0.0,0.0,0.076,0.076,0.0,1,base_keep,base_keep,0
omj_004,OpenMoji,fish,core,public_benchmark_v1,satinrail_safeadt_light,results\public_benchmark_v1_ext33_m2_73_texture_satinrail_safeadt_light,satin_rail,0,1,0,loss_increase,-0.77863148,flat_icon_fill,1.0,0.0,0.2786102294921875,0.0035400390625,0.012706062763568652,70,7,92,0.09512884,0.04876926,0.04635958,10,3,7.0,2,0,2.0,0.0,1.075,-1.075,0,0,0.0,0.999836,0.997043,0.002793,0.924682,0.950702,-0.02602,39.0,38.0,1.0,0.0,0.0,0.0,0.0,0.0,0.0,82.0,0.0,82.0,0.0,0.0,0.0,0.0,0.0,0.0,0.898,0.076,0.822,0,base_keep,base_keep,0
omj_004,OpenMoji,fish,core,public_benchmark_v1,dtsatin_safeadt_light,results\public_benchmark_v1_ext33_m2_73_texture_dtsatin_safeadt_light,dt_satin,0,1,0,loss_increase,-0.73993188,flat_icon_fill,1.0,0.0,0.2786102294921875,0.0035400390625,0.012706062763568652,70,7,92,0.09514874,0.04876926,0.04637948,10,3,7.0,2,0,2.0,0.0,1.075,-1.075,0,0,0.0,1.0,0.997043,0.002957,0.924179,0.950702,-0.026523,39.0,38.0,1.0,0.0,0.0,0.0,0.0,0.0,0.0,0.0,0.0,0.0,86.0,0.0,86.0,0.0,0.0,0.0,0.938,0.076,0.862,0,base_keep,base_keep,0
omj_004,OpenMoji,fish,core,public_benchmark_v1,satinrail_w4_s18_i4_cap40,results\public_benchmark_v1_ext33_m2_74_texture_satinrail_w4_s18_i4_cap40,satin_rail,0,1,0,loss_increase,-1.22645702,flat_icon_fill,1.0,0.0,0.2786102294921875,0.0035400390625,0.012706062763568652,70,7,92,0.09511793,0.04876926,0.04634867,10,3,7.0,2,0,2.0,0.0,1.075,-1.075,0,0,0.0,0.999836,0.997043,0.002793,0.925385,0.950702,-0.025317,39.0,38.0,1.0,0.0,0.0,0.0,0.0,0.0,0.0,37.0,0.0,37.0,0.0,0.0,0.0,0.0,0.0,0.0,0.448,0.076,0.372,0,base_keep,base_keep,0
omj_004,OpenMoji,fish,core,public_benchmark_v1,satinrail_w5_s16_i5_cap45,results\public_benchmark_v1_ext33_m2_74_texture_satinrail_w5_s16_i5_cap45,satin_rail,0,1,0,loss_increase,-1.08161388,flat_icon_fill,1.0,0.0,0.2786102294921875,0.0035400390625,0.012706062763568652,70,7,92,0.09510974,0.04876926,0.04634048,10,3,7.0,2,0,2.0,0.0,1.075,-1.075,0,0,0.0,0.999836,0.997043,0.002793,0.926983,0.950702,-0.023719,39.0,38.0,1.0,0.0,0.0,0.0,0.0,0.0,0.0,51.0,0.0,51.0,0.0,0.0,0.0,0.0,0.0,0.0,0.588,0.076,0.512,0,base_keep,base_keep,0
omj_005,OpenMoji,sun,core,public_benchmark_v1,base_keep,results\public_benchmark_v1_ext33_m2_72_line_skeleton_profile,base_keep,1,0,1,base_keep,0.0,flat_icon_fill,1.0,0.0,0.4247589111328125,0.0074462890625,0.017530624708122285,97,17,38,0.08080196,0.08080196,0.0,9,9,0.0,1,1,0.0,0.0,0.0,0.0,0,0,0.0,0.998635,0.998635,0.0,0.916461,0.916461,0.0,0.0,0.0,0.0,0.0,0.0,0.0,0.0,0.0,0.0,0.0,0.0,0.0,0.0,0.0,0.0,0.0,0.0,0.0,0.0,0.0,0.0,0,dtsatin_safeadt_light,dt_satin,1
omj_005,OpenMoji,sun,core,public_benchmark_v1,satinrail_safeadt_light,results\public_benchmark_v1_ext33_m2_73_texture_satinrail_safeadt_light,satin_rail,0,1,1,professional_texture_allowed,1.121392,flat_icon_fill,1.0,0.0,0.4247589111328125,0.0074462890625,0.017530624708122285,97,17,38,0.08080196,0.08080196,0.0,9,9,0.0,1,1,0.0,0.0,0.0,0.0,0,0,0.0,0.999353,0.998635,0.000718,0.911113,0.916461,-0.005348,63.0,0.0,63.0,0.0,0.0,0.0,0.0,0.0,0.0,101.0,0.0,101.0,0.0,0.0,0.0,0.0,0.0,0.0,1.136,0.0,1.136,0,dtsatin_safeadt_light,dt_satin,1
omj_005,OpenMoji,sun,core,public_benchmark_v1,dtsatin_safeadt_light,results\public_benchmark_v1_ext33_m2_73_texture_dtsatin_safeadt_light,dt_satin,0,1,1,professional_texture_allowed,1.262985,flat_icon_fill,1.0,0.0,0.4247589111328125,0.0074462890625,0.017530624708122285,97,17,38,0.08080196,0.08080196,0.0,9,9,0.0,1,1,0.0,0.0,0.0,0.0,0,0,0.0,0.999425,0.998635,0.00079,0.911596,0.916461,-0.004865,63.0,0.0,63.0,0.0,0.0,0.0,0.0,0.0,0.0,0.0,0.0,0.0,115.0,0.0,115.0,0.0,0.0,0.0,1.276,0.0,1.276,1,dtsatin_safeadt_light,dt_satin,1
omj_005,OpenMoji,sun,core,public_benchmark_v1,satinrail_w4_s18_i4_cap40,results\public_benchmark_v1_ext33_m2_74_texture_satinrail_w4_s18_i4_cap40,satin_rail,0,1,1,professional_texture_allowed,0.68674,flat_icon_fill,1.0,0.0,0.4247589111328125,0.0074462890625,0.017530624708122285,97,17,38,0.08080196,0.08080196,0.0,9,9,0.0,1,1,0.0,0.0,0.0,0.0,0,0,0.0,0.999138,0.998635,0.000503,0.913039,0.916461,-0.003422,63.0,0.0,63.0,0.0,0.0,0.0,0.0,0.0,0.0,57.0,0.0,57.0,0.0,0.0,0.0,0.0,0.0,0.0,0.696,0.0,0.696,0,dtsatin_safeadt_light,dt_satin,1
omj_005,OpenMoji,sun,core,public_benchmark_v1,satinrail_w5_s16_i5_cap45,results\public_benchmark_v1_ext33_m2_74_texture_satinrail_w5_s16_i5_cap45,satin_rail,0,1,1,professional_texture_allowed,0.837909,flat_icon_fill,1.0,0.0,0.4247589111328125,0.0074462890625,0.017530624708122285,97,17,38,0.08080196,0.08080196,0.0,9,9,0.0,1,1,0.0,0.0,0.0,0.0,0,0,0.0,0.998815,0.998635,0.00018,0.913644,0.916461,-0.002817,63.0,0.0,63.0,0.0,0.0,0.0,0.0,0.0,0.0,72.0,0.0,72.0,0.0,0.0,0.0,0.0,0.0,0.0,0.846,0.0,0.846,0,dtsatin_safeadt_light,dt_satin,1
omj_006,OpenMoji,cherry_blossom,full,public_benchmark_v1,base_keep,results\public_benchmark_v1_ext33_m2_72_line_skeleton_profile,base_keep,1,0,1,base_keep,0.0,flat_icon_fill,1.0,0.0,0.21478271484375,0.0066986083984375,0.031187837453822108,67,13,96,0.0246882,0.0246882,0.0,3,3,0.0,0,0,0.0,0.0,0.0,0.0,0,0,0.0,0.992683,0.992683,0.0,0.916022,0.916022,0.0,51.0,51.0,0.0,0.0,0.0,0.0,0.0,0.0,0.0,0.0,0.0,0.0,0.0,0.0,0.0,0.0,0.0,0.0,0.102,0.102,0.0,1,base_keep,base_keep,0
omj_006,OpenMoji,cherry_blossom,full,public_benchmark_v1,satinrail_safeadt_light,results\public_benchmark_v1_ext33_m2_73_texture_satinrail_safeadt_light,satin_rail,0,1,0,loss_increase,-0.41175954,flat_icon_fill,1.0,0.0,0.21478271484375,0.0066986083984375,0.031187837453822108,67,13,96,0.08083179,0.0246882,0.05614359,9,3,6.0,1,0,1.0,0.0,0.0,0.0,0,0,0.0,0.999787,0.992683,0.007104,0.88232,0.916022,-0.033702,52.0,51.0,1.0,0.0,0.0,0.0,0.0,0.0,0.0,101.0,0.0,101.0,0.0,0.0,0.0,0.0,0.0,0.0,1.114,0.102,1.012,0,base_keep,base_keep,0
omj_006,OpenMoji,cherry_blossom,full,public_benchmark_v1,dtsatin_safeadt_light,results\public_benchmark_v1_ext33_m2_73_texture_dtsatin_safeadt_light,dt_satin,0,1,0,loss_increase,-0.56734776,flat_icon_fill,1.0,0.0,0.21478271484375,0.0066986083984375,0.031187837453822108,67,13,96,0.08084416,0.0246882,0.05615596,9,3,6.0,1,0,1.0,0.0,0.0,0.0,0,0,0.0,0.999858,0.992683,0.007175,0.883768,0.916022,-0.032254,52.0,51.0,1.0,0.0,0.0,0.0,0.0,0.0,0.0,0.0,0.0,0.0,85.0,0.0,85.0,0.0,0.0,0.0,0.954,0.102,0.852,0,base_keep,base_keep,0
omj_006,OpenMoji,cherry_blossom,full,public_benchmark_v1,satinrail_w4_s18_i4_cap40,results\public_benchmark_v1_ext33_m2_74_texture_satinrail_w4_s18_i4_cap40,satin_rail,0,1,0,loss_increase,-1.07032602,flat_icon_fill,1.0,0.0,0.21478271484375,0.0066986083984375,0.031187837453822108,67,13,96,0.08901337,0.0246882,0.06432517,10,3,7.0,1,0,1.0,0.0,0.0,0.0,0,0,0.0,0.99929,0.992683,0.006607,0.886159,0.916022,-0.029863,52.0,51.0,1.0,0.0,0.0,0.0,0.0,0.0,0.0,54.0,0.0,54.0,0.0,0.0,0.0,0.0,0.0,0.0,0.644,0.102,0.542,0,base_keep,base_keep,0
omj_006,OpenMoji,cherry_blossom,full,public_benchmark_v1,satinrail_w5_s16_i5_cap45,results\public_benchmark_v1_ext33_m2_74_texture_satinrail_w5_s16_i5_cap45,satin_rail,0,1,0,loss_increase,-0.84671562,flat_icon_fill,1.0,0.0,0.21478271484375,0.0066986083984375,0.031187837453822108,67,13,96,0.08080447,0.0246882,0.05611627,9,3,6.0,1,0,1.0,0.0,0.0,0.0,0,0,0.0,0.999361,0.992683,0.006678,0.887564,0.916022,-0.028458,52.0,51.0,1.0,0.0,0.0,0.0,0.0,0.0,0.0,56.0,0.0,56.0,0.0,0.0,0.0,0.0,0.0,0.0,0.664,0.102,0.562,0,base_keep,base_keep,0
omj_007,OpenMoji,ribbon,full,public_benchmark_v1,base_keep,results\public_benchmark_v1_ext33_m2_72_line_skeleton_profile,base_keep,1,0,1,base_keep,0.0,flat_icon_fill,1.0,0.0,0.376129150390625,0.0072174072265625,0.019188640973630832,89,27,51,0.08082922,0.08082922,0.0,9,9,0.0,1,1,0.0,0.0,0.0,0.0,0,0,0.0,1.0,1.0,0.0,0.891565,0.891565,0.0,0.0,0.0,0.0,0.0,0.0,0.0,0.0,0.0,0.0,0.0,0.0,0.0,0.0,0.0,0.0,0.0,0.0,0.0,0.0,0.0,0.0,1,base_keep,base_keep,0
omj_007,OpenMoji,ribbon,full,public_benchmark_v1,satinrail_safeadt_light,results\public_benchmark_v1_ext33_m2_73_texture_satinrail_safeadt_light,satin_rail,0,1,0,loss_increase,-0.43447374,flat_icon_fill,1.0,0.0,0.376129150390625,0.0072174072265625,0.019188640973630832,89,27,51,0.15198401,0.08082922,0.07115479,16,9,7.0,3,1,2.0,0.0,0.0,0.0,0,0,0.0,0.999959,1.0,-4.1e-05,0.911744,0.891565,0.020179,66.0,0.0,66.0,0.0,0.0,0.0,0.0,0.0,0.0,105.0,0.0,105.0,0.0,0.0,0.0,0.0,0.0,0.0,1.182,0.0,1.182,0,base_keep,base_keep,0
omj_007,OpenMoji,ribbon,full,public_benchmark_v1,dtsatin_safeadt_light,results\public_benchmark_v1_ext33_m2_73_texture_dtsatin_safeadt_light,dt_satin,0,1,0,loss_increase,-0.30173604,flat_icon_fill,1.0,0.0,0.376129150390625,0.0072174072265625,0.019188640973630832,89,27,51,0.15196156,0.08082922,0.07113234,16,9,7.0,3,1,2.0,0.0,0.0,0.0,0,0,0.0,0.999959,1.0,-4.1e-05,0.915945,0.891565,0.02438,66.0,0.0,66.0,0.0,0.0,0.0,0.0,0.0,0.0,0.0,0.0,0.0,117.0,0.0,117.0,0.0,0.0,0.0,1.302,0.0,1.302,0,base_keep,base_keep,0
omj_007,OpenMoji,ribbon,full,public_benchmark_v1,satinrail_w4_s18_i4_cap40,results\public_benchmark_v1_ext33_m2_74_texture_satinrail_w4_s18_i4_cap40,satin_rail,0,1,0,loss_increase,-0.9239114,flat_icon_fill,1.0,0.0,0.376129150390625,0.0072174072265625,0.019188640973630832,89,27,51,0.15198412,0.08082922,0.0711549,16,9,7.0,3,1,2.0,0.0,0.0,0.0,0,0,0.0,0.999959,1.0,-4.1e-05,0.915265,0.891565,0.0237,66.0,0.0,66.0,0.0,0.0,0.0,0.0,0.0,0.0,55.0,0.0,55.0,0.0,0.0,0.0,0.0,0.0,0.0,0.682,0.0,0.682,0,base_keep,base_keep,0
omj_007,OpenMoji,ribbon,full,public_benchmark_v1,satinrail_w5_s16_i5_cap45,results\public_benchmark_v1_ext33_m2_74_texture_satinrail_w5_s16_i5_cap45,satin_rail,0,1,0,loss_increase,-0.77839512,flat_icon_fill,1.0,0.0,0.376129150390625,0.0072174072265625,0.019188640973630832,89,27,51,0.15198424,0.08082922,0.07115502,16,9,7.0,3,1,2.0,0.0,0.0,0.0,0,0,0.0,0.999959,1.0,-4.1e-05,0.917104,0.891565,0.025539,66.0,0.0,66.0,0.0,0.0,0.0,0.0,0.0,0.0,69.0,0.0,69.0,0.0,0.0,0.0,0.0,0.0,0.0,0.822,0.0,0.822,0,base_keep,base_keep,0
omj_008,OpenMoji,paw_prints,full,public_benchmark_v1,base_keep,results\public_benchmark_v1_ext33_m2_72_line_skeleton_profile,base_keep,1,0,1,base_keep,0.0,flat_icon_fill,1.0,0.0,0.2177734375,0.0068817138671875,0.03160033632286995,161,18,23,0.06088992,0.06088992,0.0,6,6,0.0,0,0,0.0,0.4955,0.4955,0.0,0,0,0.0,0.99951,0.99951,0.0,0.814631,0.814631,0.0,85.0,85.0,0.0,0.0,0.0,0.0,0.0,0.0,0.0,0.0,0.0,0.0,0.0,0.0,0.0,0.0,0.0,0.0,0.17,0.17,0.0,1,base_keep,base_keep,0
omj_008,OpenMoji,paw_prints,full,public_benchmark_v1,satinrail_safeadt_light,results\public_benchmark_v1_ext33_m2_73_texture_satinrail_safeadt_light,satin_rail,0,1,0,off_mask_increase,-10.65524828,flat_icon_fill,1.0,0.0,0.2177734375,0.0068817138671875,0.03160033632286995,161,18,23,0.0740228,0.06088992,0.01313288,6,6,0.0,0,0,0.0,1.1038,0.4955,0.6083,0,0,0.0,0.99958,0.99951,7e-05,0.824434,0.814631,0.009803,85.0,85.0,0.0,0.0,0.0,0.0,0.0,0.0,0.0,156.0,0.0,156.0,0.0,0.0,0.0,0.0,0.0,0.0,1.73,0.17,1.56,0,base_keep,base_keep,0
omj_008,OpenMoji,paw_prints,full,public_benchmark_v1,dtsatin_safeadt_light,results\public_benchmark_v1_ext33_m2_73_texture_dtsatin_safeadt_light,dt_satin,0,1,0,off_mask_increase,-8.3016036,flat_icon_fill,1.0,0.0,0.2177734375,0.0068817138671875,0.03160033632286995,161,18,23,0.07156452,0.06088992,0.0106746,6,6,0.0,0,0,0.0,0.9911,0.4955,0.4956,0,0,0.0,0.99965,0.99951,0.00014,0.826019,0.814631,0.011388,85.0,85.0,0.0,0.0,0.0,0.0,0.0,0.0,0.0,0.0,0.0,0.0,164.0,0.0,164.0,0.0,0.0,0.0,1.81,0.17,1.64,0,base_keep,base_keep,0
omj_008,OpenMoji,paw_prints,full,public_benchmark_v1,satinrail_w4_s18_i4_cap40,results\public_benchmark_v1_ext33_m2_74_texture_satinrail_w4_s18_i4_cap40,satin_rail,0,1,0,off_mask_increase,-10.77915,flat_icon_fill,1.0,0.0,0.2177734375,0.0068817138671875,0.03160033632286995,161,18,23,0.08116642,0.06088992,0.0202765,7,6,1.0,0,0,0.0,1.0612,0.4955,0.5657,0,0,0.0,0.99993,0.99951,0.00042,0.829854,0.814631,0.015223,85.0,85.0,0.0,0.0,0.0,0.0,0.0,0.0,0.0,76.0,0.0,76.0,0.0,0.0,0.0,0.0,0.0,0.0,0.93,0.17,0.76,0,base_keep,base_keep,0
omj_008,OpenMoji,paw_prints,full,public_benchmark_v1,satinrail_w5_s16_i5_cap45,results\public_benchmark_v1_ext33_m2_74_texture_satinrail_w5_s16_i5_cap45,satin_rail,0,1,0,off_mask_increase,-10.98346212,flat_icon_fill,1.0,0.0,0.2177734375,0.0068817138671875,0.03160033632286995,161,18,23,0.08161444,0.06088992,0.02072452,7,6,1.0,0,0,0.0,1.0792,0.4955,0.5837,0,0,0.0,0.999439,0.99951,-7.1e-05,0.82964,0.814631,0.015009,85.0,85.0,0.0,0.0,0.0,0.0,0.0,0.0,0.0,92.0,0.0,92.0,0.0,0.0,0.0,0.0,0.0,0.0,1.09,0.17,0.92,0,base_keep,base_keep,0
omj_009,OpenMoji,lady_beetle,full,public_benchmark_v1,base_keep,results\public_benchmark_v1_ext33_m2_72_line_skeleton_profile,base_keep,1,0,1,base_keep,0.0,flat_icon_fill,1.0,0.0,0.2730712890625,0.0055694580078125,0.0203956191327671,76,18,40,0.05602895,0.05602895,0.0,6,6,0.0,1,1,0.0,0.0,0.0,0.0,0,0,0.0,0.994021,0.994021,0.0,0.927864,0.927864,0.0,55.0,55.0,0.0,0.0,0.0,0.0,0.0,0.0,0.0,0.0,0.0,0.0,0.0,0.0,0.0,0.0,0.0,0.0,0.11,0.11,0.0,1,base_keep,base_keep,0
omj_009,OpenMoji,lady_beetle,full,public_benchmark_v1,satinrail_safeadt_light,results\public_benchmark_v1_ext33_m2_73_texture_satinrail_safeadt_light,satin_rail,0,1,0,off_mask_increase,-32.9162695,flat_icon_fill,1.0,0.0,0.2730712890625,0.0055694580078125,0.0203956191327671,76,18,40,0.1400607,0.05602895,0.08403175,11,6,5.0,2,1,1.0,1.6269,0.0,1.6269,0,0,0.0,0.999609,0.994021,0.005588,0.886779,0.927864,-0.041085,54.0,55.0,-1.0,0.0,0.0,0.0,0.0,0.0,0.0,109.0,0.0,109.0,0.0,0.0,0.0,0.0,0.0,0.0,1.198,0.11,1.088,0,base_keep,base_keep,0
omj_009,OpenMoji,lady_beetle,full,public_benchmark_v1,dtsatin_safeadt_light,results\public_benchmark_v1_ext33_m2_73_texture_dtsatin_safeadt_light,dt_satin,0,1,0,off_mask_increase,-33.02945348,flat_icon_fill,1.0,0.0,0.2730712890625,0.0055694580078125,0.0203956191327671,76,18,40,0.13194853,0.05602895,0.07591958,10,6,4.0,2,1,1.0,1.6269,0.0,1.6269,0,0,0.0,0.997262,0.994021,0.003241,0.891058,0.927864,-0.036806,54.0,55.0,-1.0,0.0,0.0,0.0,0.0,0.0,0.0,0.0,0.0,0.0,77.0,0.0,77.0,0.0,0.0,0.0,0.878,0.11,0.768,0,base_keep,base_keep,0
omj_009,OpenMoji,lady_beetle,full,public_benchmark_v1,satinrail_w4_s18_i4_cap40,results\public_benchmark_v1_ext33_m2_74_texture_satinrail_w4_s18_i4_cap40,satin_rail,0,1,0,off_mask_increase,-33.30004084,flat_icon_fill,1.0,0.0,0.2730712890625,0.0055694580078125,0.0203956191327671,76,18,40,0.13204109,0.05602895,0.07601214,10,6,4.0,2,1,1.0,1.6269,0.0,1.6269,0,0,0.0,0.997597,0.994021,0.003576,0.890824,0.927864,-0.03704,54.0,55.0,-1.0,0.0,0.0,0.0,0.0,0.0,0.0,50.0,0.0,50.0,0.0,0.0,0.0,0.0,0.0,0.0,0.608,0.11,0.498,0,base_keep,base_keep,0
omj_009,OpenMoji,lady_beetle,full,public_benchmark_v1,satinrail_w5_s16_i5_cap45,results\public_benchmark_v1_ext33_m2_74_texture_satinrail_w5_s16_i5_cap45,satin_rail,0,1,0,off_mask_increase,-33.30252996,flat_icon_fill,1.0,0.0,0.2730712890625,0.0055694580078125,0.0203956191327671,76,18,40,0.13197661,0.05602895,0.07594766,10,6,4.0,2,1,1.0,1.6269,0.0,1.6269,0,0,0.0,0.997262,0.994021,0.003241,0.893422,0.927864,-0.034442,54.0,55.0,-1.0,0.0,0.0,0.0,0.0,0.0,0.0,49.0,0.0,49.0,0.0,0.0,0.0,0.0,0.0,0.0,0.598,0.11,0.488,0,base_keep,base_keep,0
omj_010,OpenMoji,seedling,full,public_benchmark_v1,base_keep,results\public_benchmark_v1_ext33_m2_72_line_skeleton_profile,base_keep,1,0,1,base_keep,0.0,line_text_skeleton,1.0,1.1,0.0703582763671875,0.0048370361328125,0.0687486445456517,55,15,95,0.04749282,0.04749282,0.0,5,5,0.0,1,1,0.0,0.0,0.0,0.0,0,0,0.0,0.999349,0.999349,0.0,0.751958,0.751958,0.0,0.0,0.0,0.0,0.0,0.0,0.0,0.0,0.0,0.0,0.0,0.0,0.0,0.0,0.0,0.0,0.0,0.0,0.0,0.0,0.0,0.0,1,base_keep,base_keep,0
omj_010,OpenMoji,seedling,full,public_benchmark_v1,satinrail_safeadt_light,results\public_benchmark_v1_ext33_m2_73_texture_satinrail_safeadt_light,satin_rail,0,1,0,precision_drop_too_large,0.3321415,line_text_skeleton,1.0,1.1,0.0703582763671875,0.0048370361328125,0.0687486445456517,55,15,95,0.06423807,0.04749282,0.01674525,7,5,2.0,1,1,0.0,0.0,0.0,0.0,0,0,0.0,0.999566,0.999349,0.000217,0.689351,0.751958,-0.062607,45.0,0.0,45.0,0.0,0.0,0.0,0.0,0.0,0.0,83.0,0.0,83.0,0.0,0.0,0.0,0.0,0.0,0.0,0.92,0.0,0.92,0,base_keep,base_keep,0
omj_010,OpenMoji,seedling,full,public_benchmark_v1,dtsatin_safeadt_light,results\public_benchmark_v1_ext33_m2_73_texture_dtsatin_safeadt_light,dt_satin,0,1,0,precision_drop_too_large,-0.20849668,line_text_skeleton,1.0,1.1,0.0703582763671875,0.0048370361328125,0.0687486445456517,55,15,95,0.0701611,0.04749282,0.02266828,7,5,2.0,2,1,1.0,0.0,0.0,0.0,0,0,0.0,0.999783,0.999349,0.000434,0.694173,0.751958,-0.057785,45.0,0.0,45.0,0.0,0.0,0.0,0.0,0.0,0.0,0.0,0.0,0.0,41.0,0.0,41.0,0.0,0.0,0.0,0.5,0.0,0.5,0,base_keep,base_keep,0
omj_010,OpenMoji,seedling,full,public_benchmark_v1,satinrail_w4_s18_i4_cap40,results\public_benchmark_v1_ext33_m2_74_texture_satinrail_w4_s18_i4_cap40,satin_rail,0,1,0,precision_drop_too_large,-0.05442266,line_text_skeleton,1.0,1.1,0.0703582763671875,0.0048370361328125,0.0687486445456517,55,15,95,0.06418643,0.04749282,0.01669361,7,5,2.0,1,1,0.0,0.0,0.0,0.0,0,0,0.0,0.999349,0.999349,0.0,0.693871,0.751958,-0.058087,45.0,0.0,45.0,0.0,0.0,0.0,0.0,0.0,0.0,43.0,0.0,43.0,0.0,0.0,0.0,0.0,0.0,0.0,0.52,0.0,0.52,0,base_keep,base_keep,0
omj_010,OpenMoji,seedling,full,public_benchmark_v1,satinrail_w5_s16_i5_cap45,results\public_benchmark_v1_ext33_m2_74_texture_satinrail_w5_s16_i5_cap45,satin_rail,0,1,0,precision_drop_too_large,-0.37716158,line_text_skeleton,1.0,1.1,0.0703582763671875,0.0048370361328125,0.0687486445456517,55,15,95,0.07018475,0.04749282,0.02269193,7,5,2.0,2,1,1.0,0.0,0.0,0.0,0,0,0.0,0.999349,0.999349,0.0,0.698288,0.751958,-0.05367,45.0,0.0,45.0,0.0,0.0,0.0,0.0,0.0,0.0,23.0,0.0,23.0,0.0,0.0,0.0,0.0,0.0,0.0,0.32,0.0,0.32,0,base_keep,base_keep,0
qd_001,QuickDraw,cat,core,public_benchmark_v1,base_keep,results\public_benchmark_v1_ext33_m2_72_line_skeleton_profile,base_keep,1,0,1,base_keep,0.0,line_text_skeleton,1.0,1.25,0.11578369140625,0.01983642578125,0.1713231418028466,44,15,621,0.09782929,0.09782929,0.0,11,11,0.0,1,1,0.0,0.0,0.0,0.0,0,0,0.0,0.947944,0.947944,0.0,0.677754,0.677754,0.0,124.0,124.0,0.0,0.0,0.0,0.0,0.0,0.0,0.0,0.0,0.0,0.0,0.0,0.0,0.0,0.0,0.0,0.0,0.248,0.248,0.0,1,base_keep,base_keep,0
qd_001,QuickDraw,cat,core,public_benchmark_v1,satinrail_safeadt_light,results\public_benchmark_v1_ext33_m2_73_texture_satinrail_safeadt_light,satin_rail,0,1,0,excluded_source,-1.9820923,line_text_skeleton,1.0,1.25,0.11578369140625,0.01983642578125,0.1713231418028466,44,15,621,0.21640484,0.09782929,0.11857555,23,11,12.0,4,1,3.0,0.0,0.0,0.0,0,0,0.0,1.0,0.947944,0.052056,0.300837,0.677754,-0.376917,127.0,124.0,3.0,0.0,0.0,0.0,0.0,0.0,0.0,185.0,0.0,185.0,0.0,0.0,0.0,0.0,0.0,0.0,2.104,0.248,1.856,0,base_keep,base_keep,0
qd_001,QuickDraw,cat,core,public_benchmark_v1,dtsatin_safeadt_light,results\public_benchmark_v1_ext33_m2_73_texture_dtsatin_safeadt_light,dt_satin,0,1,0,excluded_source,-1.83435344,line_text_skeleton,1.0,1.25,0.11578369140625,0.01983642578125,0.1713231418028466,44,15,621,0.21603903,0.09782929,0.11820974,23,11,12.0,4,1,3.0,0.0,0.0,0.0,0,0,0.0,1.0,0.947944,0.052056,0.302685,0.677754,-0.375069,127.0,124.0,3.0,0.0,0.0,0.0,0.0,0.0,0.0,0.0,0.0,0.0,199.0,0.0,199.0,0.0,0.0,0.0,2.244,0.248,1.996,0,base_keep,base_keep,0
qd_001,QuickDraw,cat,core,public_benchmark_v1,satinrail_w4_s18_i4_cap40,results\public_benchmark_v1_ext33_m2_74_texture_satinrail_w4_s18_i4_cap40,satin_rail,0,1,0,excluded_source,-2.93304226,line_text_skeleton,1.0,1.25,0.11578369140625,0.01983642578125,0.1713231418028466,44,15,621,0.216135,0.09782929,0.11830571,23,11,12.0,4,1,3.0,0.0,0.0,0.0,0,0,0.0,1.0,0.947944,0.052056,0.303314,0.677754,-0.37444,127.0,124.0,3.0,0.0,0.0,0.0,0.0,0.0,0.0,89.0,0.0,89.0,0.0,0.0,0.0,0.0,0.0,0.0,1.144,0.248,0.896,0,base_keep,base_keep,0
qd_001,QuickDraw,cat,core,public_benchmark_v1,satinrail_w5_s16_i5_cap45,results\public_benchmark_v1_ext33_m2_74_texture_satinrail_w5_s16_i5_cap45,satin_rail,0,1,0,excluded_source,-2.68832698,line_text_skeleton,1.0,1.25,0.11578369140625,0.01983642578125,0.1713231418028466,44,15,621,0.21613512,0.09782929,0.11830583,23,11,12.0,4,1,3.0,0.0,0.0,0.0,0,0,0.0,1.0,0.947944,0.052056,0.304886,0.677754,-0.372868,127.0,124.0,3.0,0.0,0.0,0.0,0.0,0.0,0.0,113.0,0.0,113.0,0.0,0.0,0.0,0.0,0.0,0.0,1.384,0.248,1.136,0,base_keep,base_keep,0
qd_002,QuickDraw,dog,core,public_benchmark_v1,base_keep,results\public_benchmark_v1_ext33_m2_72_line_skeleton_profile,base_keep,1,0,1,base_keep,0.0,line_text_skeleton,1.0,1.25,0.125762939453125,0.0191192626953125,0.15202620723125454,43,23,227,0.07256709,0.07256709,0.0,8,8,0.0,1,1,0.0,0.0,0.0,0.0,0,0,0.0,0.99175,0.99175,0.0,0.723491,0.723491,0.0,138.0,138.0,0.0,0.0,0.0,0.0,0.0,0.0,0.0,0.0,0.0,0.0,0.0,0.0,0.0,0.0,0.0,0.0,0.276,0.276,0.0,1,base_keep,base_keep,0
qd_002,QuickDraw,dog,core,public_benchmark_v1,satinrail_safeadt_light,results\public_benchmark_v1_ext33_m2_73_texture_satinrail_safeadt_light,satin_rail,0,1,0,excluded_source,-1.72181546,line_text_skeleton,1.0,1.25,0.125762939453125,0.0191192626953125,0.15202620723125454,43,23,227,0.145717,0.07256709,0.07314991,16,8,8.0,2,1,1.0,0.0,0.0,0.0,0,0,0.0,1.0,0.99175,0.00825,0.359019,0.723491,-0.364472,120.0,138.0,-18.0,0.0,0.0,0.0,0.0,0.0,0.0,113.0,0.0,113.0,0.0,0.0,0.0,0.0,0.0,0.0,1.37,0.276,1.094,0,base_keep,base_keep,0
qd_002,QuickDraw,dog,core,public_benchmark_v1,dtsatin_safeadt_light,results\public_benchmark_v1_ext33_m2_73_texture_dtsatin_safeadt_light,dt_satin,0,1,0,excluded_source,-1.72397906,line_text_skeleton,1.0,1.25,0.125762939453125,0.0191192626953125,0.15202620723125454,43,23,227,0.1457266,0.07256709,0.07315951,16,8,8.0,2,1,1.0,0.0,0.0,0.0,0,0,0.0,1.0,0.99175,0.00825,0.358317,0.723491,-0.365174,120.0,138.0,-18.0,0.0,0.0,0.0,0.0,0.0,0.0,0.0,0.0,0.0,113.0,0.0,113.0,0.0,0.0,0.0,1.37,0.276,1.094,0,base_keep,base_keep,0
qd_002,QuickDraw,dog,core,public_benchmark_v1,satinrail_w4_s18_i4_cap40,results\public_benchmark_v1_ext33_m2_74_texture_satinrail_w4_s18_i4_cap40,satin_rail,0,1,0,excluded_source,-2.11803266,line_text_skeleton,1.0,1.25,0.125762939453125,0.0191192626953125,0.15202620723125454,43,23,227,0.1377042,0.07256709,0.06513711,15,8,7.0,2,1,1.0,0.0,0.0,0.0,0,0,0.0,1.0,0.99175,0.00825,0.360921,0.723491,-0.36257,120.0,138.0,-18.0,0.0,0.0,0.0,0.0,0.0,0.0,53.0,0.0,53.0,0.0,0.0,0.0,0.0,0.0,0.0,0.77,0.276,0.494,0,base_keep,base_keep,0
qd_002,QuickDraw,dog,core,public_benchmark_v1,satinrail_w5_s16_i5_cap45,results\public_benchmark_v1_ext33_m2_74_texture_satinrail_w5_s16_i5_cap45,satin_rail,0,1,0,excluded_source,-1.90469306,line_text_skeleton,1.0,1.25,0.125762939453125,0.0191192626953125,0.15202620723125454,43,23,227,0.1376946,0.07256709,0.06512751,15,8,7.0,2,1,1.0,0.0,0.0,0.0,0,0,0.0,1.0,0.99175,0.00825,0.362015,0.723491,-0.361476,120.0,138.0,-18.0,0.0,0.0,0.0,0.0,0.0,0.0,74.0,0.0,74.0,0.0,0.0,0.0,0.0,0.0,0.0,0.98,0.276,0.704,0,base_keep,base_keep,0
qd_003,QuickDraw,fish,core,public_benchmark_v1,base_keep,results\public_benchmark_v1_ext33_m2_72_line_skeleton_profile,base_keep,1,0,1,base_keep,0.0,line_text_skeleton,1.0,1.25,0.076995849609375,0.0140228271484375,0.18212445501387237,33,15,326,0.08072917,0.08072917,0.0,9,9,0.0,1,1,0.0,0.0,0.0,0.0,0,0,0.0,0.999009,0.999009,0.0,0.753738,0.753738,0.0,0.0,0.0,0.0,0.0,0.0,0.0,0.0,0.0,0.0,0.0,0.0,0.0,0.0,0.0,0.0,0.0,0.0,0.0,0.0,0.0,0.0,1,base_keep,base_keep,0
qd_003,QuickDraw,fish,core,public_benchmark_v1,satinrail_safeadt_light,results\public_benchmark_v1_ext33_m2_73_texture_satinrail_safeadt_light,satin_rail,0,1,0,excluded_source,-0.28360982,line_text_skeleton,1.0,1.25,0.076995849609375,0.0140228271484375,0.18212445501387237,33,15,326,0.08122564,0.08072917,0.00049647,9,9,0.0,1,1,0.0,0.0,0.0,0.0,0,0,0.0,1.0,0.999009,0.000991,0.310867,0.753738,-0.442871,63.0,0.0,63.0,0.0,0.0,0.0,0.0,0.0,0.0,92.0,0.0,92.0,0.0,0.0,0.0,0.0,0.0,0.0,1.046,0.0,1.046,0,base_keep,base_keep,0
qd_003,QuickDraw,fish,core,public_benchmark_v1,dtsatin_safeadt_light,results\public_benchmark_v1_ext33_m2_73_texture_dtsatin_safeadt_light,dt_satin,0,1,0,excluded_source,-0.27337654,line_text_skeleton,1.0,1.25,0.076995849609375,0.0140228271484375,0.18212445501387237,33,15,326,0.08123476,0.08072917,0.00050559,9,9,0.0,1,1,0.0,0.0,0.0,0.0,0,0,0.0,1.0,0.999009,0.000991,0.310963,0.753738,-0.442775,63.0,0.0,63.0,0.0,0.0,0.0,0.0,0.0,0.0,0.0,0.0,0.0,93.0,0.0,93.0,0.0,0.0,0.0,1.056,0.0,1.056,0,base_keep,base_keep,0
qd_003,QuickDraw,fish,core,public_benchmark_v1,satinrail_w4_s18_i4_cap40,results\public_benchmark_v1_ext33_m2_74_texture_satinrail_w4_s18_i4_cap40,satin_rail,0,1,0,excluded_source,-13.35175496,line_text_skeleton,1.0,1.25,0.076995849609375,0.0140228271484375,0.18212445501387237,33,15,326,0.09528133,0.08072917,0.01455216,9,9,0.0,1,1,0.0,0.625,0.0,0.625,0,0,0.0,1.0,0.999009,0.000991,0.31293,0.753738,-0.440808,63.0,0.0,63.0,0.0,0.0,0.0,0.0,0.0,0.0,43.0,0.0,43.0,0.0,0.0,0.0,0.0,0.0,0.0,0.556,0.0,0.556,0,base_keep,base_keep,0
qd_003,QuickDraw,fish,core,public_benchmark_v1,satinrail_w5_s16_i5_cap45,results\public_benchmark_v1_ext33_m2_74_texture_satinrail_w5_s16_i5_cap45,satin_rail,0,1,0,excluded_source,-0.5943469,line_text_skeleton,1.0,1.25,0.076995849609375,0.0140228271484375,0.18212445501387237,33,15,326,0.08120982,0.08072917,0.00048065,9,9,0.0,1,1,0.0,0.0,0.0,0.0,0,0,0.0,1.0,0.999009,0.000991,0.313923,0.753738,-0.439815,63.0,0.0,63.0,0.0,0.0,0.0,0.0,0.0,0.0,60.0,0.0,60.0,0.0,0.0,0.0,0.0,0.0,0.0,0.726,0.0,0.726,0,base_keep,base_keep,0
qd_004,QuickDraw,flower,core,public_benchmark_v1,base_keep,results\public_benchmark_v1_ext33_m2_72_line_skeleton_profile,base_keep,1,0,1,base_keep,0.0,line_text_skeleton,1.0,1.25,0.089996337890625,0.0146026611328125,0.16225839267548323,49,24,145,0.07237638,0.07237638,0.0,8,8,0.0,1,1,0.0,0.0,0.0,0.0,0,0,0.0,0.998644,0.998644,0.0,0.772864,0.772864,0.0,0.0,0.0,0.0,0.0,0.0,0.0,0.0,0.0,0.0,0.0,0.0,0.0,0.0,0.0,0.0,0.0,0.0,0.0,0.0,0.0,0.0,1,base_keep,base_keep,0
qd_004,QuickDraw,flower,core,public_benchmark_v1,satinrail_safeadt_light,results\public_benchmark_v1_ext33_m2_73_texture_satinrail_safeadt_light,satin_rail,0,1,0,excluded_source,-1.18336266,line_text_skeleton,1.0,1.25,0.089996337890625,0.0146026611328125,0.16225839267548323,49,24,145,0.12047599,0.07237638,0.04809961,13,8,5.0,2,1,1.0,0.0,0.0,0.0,0,0,0.0,1.0,0.998644,0.001356,0.315705,0.772864,-0.457159,92.0,0.0,92.0,0.0,0.0,0.0,0.0,0.0,0.0,114.0,0.0,114.0,0.0,0.0,0.0,0.0,0.0,0.0,1.324,0.0,1.324,0,base_keep,base_keep,0
qd_004,QuickDraw,flower,core,public_benchmark_v1,dtsatin_safeadt_light,results\public_benchmark_v1_ext33_m2_73_texture_dtsatin_safeadt_light,dt_satin,0,1,0,excluded_source,-1.18543338,line_text_skeleton,1.0,1.25,0.089996337890625,0.0146026611328125,0.16225839267548323,49,24,145,0.12058461,0.07237638,0.04820823,13,8,5.0,2,1,1.0,0.0,0.0,0.0,0,0,0.0,1.0,0.998644,0.001356,0.315232,0.772864,-0.457632,92.0,0.0,92.0,0.0,0.0,0.0,0.0,0.0,0.0,0.0,0.0,0.0,114.0,0.0,114.0,0.0,0.0,0.0,1.324,0.0,1.324,0,base_keep,base_keep,0
qd_004,QuickDraw,flower,core,public_benchmark_v1,satinrail_w4_s18_i4_cap40,results\public_benchmark_v1_ext33_m2_74_texture_satinrail_w4_s18_i4_cap40,satin_rail,0,1,0,excluded_source,-1.76039446,line_text_skeleton,1.0,1.25,0.089996337890625,0.0146026611328125,0.16225839267548323,49,24,145,0.12049829,0.07237638,0.04812191,13,8,5.0,2,1,1.0,0.0,0.0,0.0,0,0,0.0,1.0,0.998644,0.001356,0.316739,0.772864,-0.456125,92.0,0.0,92.0,0.0,0.0,0.0,0.0,0.0,0.0,56.0,0.0,56.0,0.0,0.0,0.0,0.0,0.0,0.0,0.744,0.0,0.744,0,base_keep,base_keep,0
qd_004,QuickDraw,flower,core,public_benchmark_v1,satinrail_w5_s16_i5_cap45,results\public_benchmark_v1_ext33_m2_74_texture_satinrail_w5_s16_i5_cap45,satin_rail,0,1,0,excluded_source,-1.61978294,line_text_skeleton,1.0,1.25,0.089996337890625,0.0146026611328125,0.16225839267548323,49,24,145,0.12045587,0.07237638,0.04807949,13,8,5.0,2,1,1.0,0.0,0.0,0.0,0,0,0.0,1.0,0.998644,0.001356,0.316858,0.772864,-0.456006,92.0,0.0,92.0,0.0,0.0,0.0,0.0,0.0,0.0,70.0,0.0,70.0,0.0,0.0,0.0,0.0,0.0,0.0,0.884,0.0,0.884,0,base_keep,base_keep,0
qd_005,QuickDraw,bicycle,core,public_benchmark_v1,base_keep,results\public_benchmark_v1_ext33_m2_72_line_skeleton_profile,base_keep,1,0,1,base_keep,0.0,line_text_skeleton,1.0,1.25,0.11505126953125,0.0187225341796875,0.16273209549071618,59,32,161,0.01639641,0.01639641,0.0,2,2,0.0,0,0,0.0,0.0,0.0,0.0,0,0,0.0,0.989125,0.989125,0.0,0.661522,0.661522,0.0,0.0,0.0,0.0,0.0,0.0,0.0,0.0,0.0,0.0,0.0,0.0,0.0,0.0,0.0,0.0,0.0,0.0,0.0,0.0,0.0,0.0,1,base_keep,base_keep,0
qd_005,QuickDraw,bicycle,core,public_benchmark_v1,satinrail_safeadt_light,results\public_benchmark_v1_ext33_m2_73_texture_satinrail_safeadt_light,satin_rail,0,1,0,excluded_source,-26.31166484,line_text_skeleton,1.0,1.25,0.11505126953125,0.0187225341796875,0.16273209549071618,59,32,161,0.16964605,0.01639641,0.15324964,15,2,13.0,3,0,3.0,1.1762,0.0,1.1762,0,0,0.0,1.0,0.989125,0.010875,0.342883,0.661522,-0.318639,103.0,0.0,103.0,0.0,0.0,0.0,0.0,0.0,0.0,111.0,0.0,111.0,0.0,0.0,0.0,0.0,0.0,0.0,1.316,0.0,1.316,0,base_keep,base_keep,0
qd_005,QuickDraw,bicycle,core,public_benchmark_v1,dtsatin_safeadt_light,results\public_benchmark_v1_ext33_m2_73_texture_dtsatin_safeadt_light,dt_satin,0,1,0,excluded_source,-2.54336728,line_text_skeleton,1.0,1.25,0.11505126953125,0.0187225341796875,0.16273209549071618,59,32,161,0.14317229,0.01639641,0.12677588,15,2,13.0,3,0,3.0,0.0,0.0,0.0,0,0,0.0,1.0,0.989125,0.010875,0.351368,0.661522,-0.310154,103.0,0.0,103.0,0.0,0.0,0.0,0.0,0.0,0.0,0.0,0.0,0.0,117.0,0.0,117.0,0.0,0.0,0.0,1.376,0.0,1.376,0,base_keep,base_keep,0
qd_005,QuickDraw,bicycle,core,public_benchmark_v1,satinrail_w4_s18_i4_cap40,results\public_benchmark_v1_ext33_m2_74_texture_satinrail_w4_s18_i4_cap40,satin_rail,0,1,0,excluded_source,-3.209319,line_text_skeleton,1.0,1.25,0.11505126953125,0.0187225341796875,0.16273209549071618,59,32,161,0.14319391,0.01639641,0.1267975,15,2,13.0,3,0,3.0,0.0,0.0,0.0,0,0,0.0,1.0,0.989125,0.010875,0.346094,0.661522,-0.315428,103.0,0.0,103.0,0.0,0.0,0.0,0.0,0.0,0.0,52.0,0.0,52.0,0.0,0.0,0.0,0.0,0.0,0.0,0.726,0.0,0.726,0,base_keep,base_keep,0
qd_005,QuickDraw,bicycle,core,public_benchmark_v1,satinrail_w5_s16_i5_cap45,results\public_benchmark_v1_ext33_m2_74_texture_satinrail_w5_s16_i5_cap45,satin_rail,0,1,0,excluded_source,-3.04444262,line_text_skeleton,1.0,1.25,0.11505126953125,0.0187225341796875,0.16273209549071618,59,32,161,0.14320318,0.01639641,0.12680677,15,2,13.0,3,0,3.0,0.0,0.0,0.0,0,0,0.0,1.0,0.989125,0.010875,0.347738,0.661522,-0.313784,103.0,0.0,103.0,0.0,0.0,0.0,0.0,0.0,0.0,68.0,0.0,68.0,0.0,0.0,0.0,0.0,0.0,0.0,0.886,0.0,0.886,0,base_keep,base_keep,0
qd_006,QuickDraw,bird,full,public_benchmark_v1,base_keep,results\public_benchmark_v1_ext33_m2_72_line_skeleton_profile,base_keep,1,0,1,base_keep,0.0,line_text_skeleton,1.0,1.25,0.09210205078125,0.01605224609375,0.17428760768721008,47,27,204,0.06429324,0.06429324,0.0,7,7,0.0,1,1,0.0,0.0,0.0,0.0,0,0,0.0,0.909377,0.909377,0.0,0.672507,0.672507,0.0,0.0,0.0,0.0,0.0,0.0,0.0,0.0,0.0,0.0,0.0,0.0,0.0,0.0,0.0,0.0,0.0,0.0,0.0,0.0,0.0,0.0,1,base_keep,base_keep,0
qd_006,QuickDraw,bird,full,public_benchmark_v1,satinrail_safeadt_light,results\public_benchmark_v1_ext33_m2_73_texture_satinrail_safeadt_light,satin_rail,0,1,0,excluded_source,0.1572616,line_text_skeleton,1.0,1.25,0.09210205078125,0.01605224609375,0.17428760768721008,47,27,204,0.08112114,0.06429324,0.0168279,9,7,2.0,1,1,0.0,0.0,0.0,0.0,0,0,0.0,1.0,0.909377,0.090623,0.328168,0.672507,-0.344339,75.0,0.0,75.0,0.0,0.0,0.0,0.0,0.0,0.0,126.0,0.0,126.0,0.0,0.0,0.0,0.0,0.0,0.0,1.41,0.0,1.41,0,base_keep,base_keep,0
qd_006,QuickDraw,bird,full,public_benchmark_v1,dtsatin_safeadt_light,results\public_benchmark_v1_ext33_m2_73_texture_dtsatin_safeadt_light,dt_satin,0,1,0,excluded_source,0.1882018,line_text_skeleton,1.0,1.25,0.09210205078125,0.01605224609375,0.17428760768721008,47,27,204,0.08109844,0.06429324,0.0168052,9,7,2.0,1,1,0.0,0.0,0.0,0.0,0,0,0.0,1.0,0.909377,0.090623,0.328436,0.672507,-0.344071,75.0,0.0,75.0,0.0,0.0,0.0,0.0,0.0,0.0,0.0,0.0,0.0,129.0,0.0,129.0,0.0,0.0,0.0,1.44,0.0,1.44,0,base_keep,base_keep,0
qd_006,QuickDraw,bird,full,public_benchmark_v1,satinrail_w4_s18_i4_cap40,results\public_benchmark_v1_ext33_m2_74_texture_satinrail_w4_s18_i4_cap40,satin_rail,0,1,0,excluded_source,-0.51400016,line_text_skeleton,1.0,1.25,0.09210205078125,0.01605224609375,0.17428760768721008,47,27,204,0.0896926,0.06429324,0.02539936,10,7,3.0,1,1,0.0,0.0,0.0,0.0,0,0,0.0,1.0,0.909377,0.090623,0.331557,0.672507,-0.34095,75.0,0.0,75.0,0.0,0.0,0.0,0.0,0.0,0.0,78.0,0.0,78.0,0.0,0.0,0.0,0.0,0.0,0.0,0.93,0.0,0.93,0,base_keep,base_keep,0
qd_006,QuickDraw,bird,full,public_benchmark_v1,satinrail_w5_s16_i5_cap45,results\public_benchmark_v1_ext33_m2_74_texture_satinrail_w5_s16_i5_cap45,satin_rail,0,1,0,excluded_source,-0.34932988,line_text_skeleton,1.0,1.25,0.09210205078125,0.01605224609375,0.17428760768721008,47,27,204,0.08960922,0.06429324,0.02531598,10,7,3.0,1,1,0.0,0.0,0.0,0.0,0,0,0.0,1.0,0.909377,0.090623,0.332947,0.672507,-0.33956,75.0,0.0,75.0,0.0,0.0,0.0,0.0,0.0,0.0,94.0,0.0,94.0,0.0,0.0,0.0,0.0,0.0,0.0,1.09,0.0,1.09,0,base_keep,base_keep,0
qd_007,QuickDraw,moon,full,public_benchmark_v1,base_keep,results\public_benchmark_v1_ext33_m2_72_line_skeleton_profile,base_keep,1,0,1,base_keep,0.0,line_text_skeleton,1.0,1.25,0.123199462890625,0.0229644775390625,0.18640079266782264,46,27,230,0.11418719,0.11418719,0.0,13,13,0.0,1,1,0.0,0.0,0.0,0.0,0,0,0.0,0.999505,0.999505,0.0,0.744259,0.744259,0.0,0.0,0.0,0.0,0.0,0.0,0.0,0.0,0.0,0.0,0.0,0.0,0.0,0.0,0.0,0.0,0.0,0.0,0.0,0.0,0.0,0.0,1,base_keep,base_keep,0
qd_007,QuickDraw,moon,full,public_benchmark_v1,satinrail_safeadt_light,results\public_benchmark_v1_ext33_m2_73_texture_satinrail_safeadt_light,satin_rail,0,1,0,excluded_source,-1.58281134,line_text_skeleton,1.0,1.25,0.123199462890625,0.0229644775390625,0.18640079266782264,46,27,230,0.21854308,0.11418719,0.10435589,24,13,11.0,3,1,2.0,0.0,0.0,0.0,0,0,0.0,1.0,0.999505,0.000495,0.299037,0.744259,-0.445222,124.0,0.0,124.0,0.0,0.0,0.0,0.0,0.0,0.0,198.0,0.0,198.0,0.0,0.0,0.0,0.0,0.0,0.0,2.228,0.0,2.228,0,base_keep,base_keep,0
qd_007,QuickDraw,moon,full,public_benchmark_v1,dtsatin_safeadt_light,results\public_benchmark_v1_ext33_m2_73_texture_dtsatin_safeadt_light,dt_satin,0,1,0,excluded_source,-1.66665116,line_text_skeleton,1.0,1.25,0.123199462890625,0.0229644775390625,0.18640079266782264,46,27,230,0.21860955,0.11418719,0.10442236,24,13,11.0,3,1,2.0,0.0,0.0,0.0,0,0,0.0,1.0,0.999505,0.000495,0.29789,0.744259,-0.446369,124.0,0.0,124.0,0.0,0.0,0.0,0.0,0.0,0.0,0.0,0.0,0.0,190.0,0.0,190.0,0.0,0.0,0.0,2.148,0.0,2.148,0,base_keep,base_keep,0
qd_007,QuickDraw,moon,full,public_benchmark_v1,satinrail_w4_s18_i4_cap40,results\public_benchmark_v1_ext33_m2_74_texture_satinrail_w4_s18_i4_cap40,satin_rail,0,1,0,excluded_source,-2.79061066,line_text_skeleton,1.0,1.25,0.123199462890625,0.0229644775390625,0.18640079266782264,46,27,230,0.2186038,0.11418719,0.10441661,24,13,11.0,3,1,2.0,0.0,0.0,0.0,0,0,0.0,1.0,0.999505,0.000495,0.299892,0.744259,-0.444367,124.0,0.0,124.0,0.0,0.0,0.0,0.0,0.0,0.0,77.0,0.0,77.0,0.0,0.0,0.0,0.0,0.0,0.0,1.018,0.0,1.018,0,base_keep,base_keep,0
qd_007,QuickDraw,moon,full,public_benchmark_v1,satinrail_w5_s16_i5_cap45,results\public_benchmark_v1_ext33_m2_74_texture_satinrail_w5_s16_i5_cap45,satin_rail,0,1,0,excluded_source,-2.38939836,line_text_skeleton,1.0,1.25,0.123199462890625,0.0229644775390625,0.18640079266782264,46,27,230,0.21848525,0.11418719,0.10429806,24,13,11.0,3,1,2.0,0.0,0.0,0.0,0,0,0.0,1.0,0.999505,0.000495,0.300059,0.744259,-0.4442,124.0,0.0,124.0,0.0,0.0,0.0,0.0,0.0,0.0,117.0,0.0,117.0,0.0,0.0,0.0,0.0,0.0,0.0,1.418,0.0,1.418,0,base_keep,base_keep,0
qd_008,QuickDraw,star,full,public_benchmark_v1,base_keep,results\public_benchmark_v1_ext33_m2_72_line_skeleton_profile,base_keep,1,0,1,base_keep,0.0,line_text_skeleton,1.0,1.25,0.090057373046875,0.0154266357421875,0.17129786513046424,26,11,374,0.03308916,0.03308916,0.0,4,4,0.0,0,0,0.0,0.0,0.0,0.0,0,0,0.0,0.990681,0.990681,0.0,0.733626,0.733626,0.0,106.0,106.0,0.0,0.0,0.0,0.0,0.0,0.0,0.0,0.0,0.0,0.0,0.0,0.0,0.0,0.0,0.0,0.0,0.212,0.212,0.0,1,base_keep,base_keep,0
qd_008,QuickDraw,star,full,public_benchmark_v1,satinrail_safeadt_light,results\public_benchmark_v1_ext33_m2_73_texture_satinrail_safeadt_light,satin_rail,0,1,0,excluded_source,-3.9938207,line_text_skeleton,1.0,1.25,0.090057373046875,0.0154266357421875,0.17129786513046424,26,11,374,0.19304261,0.03308916,0.15995345,21,4,17.0,3,0,3.0,0.0,0.0,0.0,0,0,0.0,1.0,0.990681,0.009319,0.30738,0.733626,-0.426246,109.0,106.0,3.0,0.0,0.0,0.0,0.0,0.0,0.0,107.0,0.0,107.0,0.0,0.0,0.0,0.0,0.0,0.0,1.288,0.212,1.076,0,base_keep,base_keep,0
qd_008,QuickDraw,star,full,public_benchmark_v1,dtsatin_safeadt_light,results\public_benchmark_v1_ext33_m2_73_texture_dtsatin_safeadt_light,dt_satin,0,1,0,excluded_source,-3.89417374,line_text_skeleton,1.0,1.25,0.090057373046875,0.0154266357421875,0.17129786513046424,26,11,374,0.19303745,0.03308916,0.15994829,21,4,17.0,3,0,3.0,0.0,0.0,0.0,0,0,0.0,1.0,0.990681,0.009319,0.307252,0.733626,-0.426374,109.0,106.0,3.0,0.0,0.0,0.0,0.0,0.0,0.0,0.0,0.0,0.0,117.0,0.0,117.0,0.0,0.0,0.0,1.388,0.212,1.176,0,base_keep,base_keep,0
qd_008,QuickDraw,star,full,public_benchmark_v1,satinrail_w4_s18_i4_cap40,results\public_benchmark_v1_ext33_m2_74_texture_satinrail_w4_s18_i4_cap40,satin_rail,0,1,0,excluded_source,-4.52648492,line_text_skeleton,1.0,1.25,0.090057373046875,0.0154266357421875,0.17129786513046424,26,11,374,0.19304648,0.03308916,0.15995732,21,4,17.0,3,0,3.0,0.0,0.0,0.0,0,0,0.0,1.0,0.990681,0.009319,0.309833,0.733626,-0.423793,109.0,106.0,3.0,0.0,0.0,0.0,0.0,0.0,0.0,53.0,0.0,53.0,0.0,0.0,0.0,0.0,0.0,0.0,0.748,0.212,0.536,0,base_keep,base_keep,0
qd_008,QuickDraw,star,full,public_benchmark_v1,satinrail_w5_s16_i5_cap45,results\public_benchmark_v1_ext33_m2_74_texture_satinrail_w5_s16_i5_cap45,satin_rail,0,1,0,excluded_source,-4.40299142,line_text_skeleton,1.0,1.25,0.090057373046875,0.0154266357421875,0.17129786513046424,26,11,374,0.19305173,0.03308916,0.15996257,21,4,17.0,3,0,3.0,0.0,0.0,0.0,0,0,0.0,1.0,0.990681,0.009319,0.311008,0.733626,-0.422618,109.0,106.0,3.0,0.0,0.0,0.0,0.0,0.0,0.0,65.0,0.0,65.0,0.0,0.0,0.0,0.0,0.0,0.0,0.868,0.212,0.656,0,base_keep,base_keep,0
txt_001,Rendered text,AI,core,public_benchmark_v1,base_keep,results\public_benchmark_v1_ext33_m2_72_line_skeleton_profile,base_keep,1,0,1,base_keep,0.0,line_text_skeleton,1.0,1.1,0.055633544921875,0.0037841796875,0.06801974766867801,26,6,79,0.008,0.008,0.0,1,1,0.0,0,0,0.0,0.0,0.0,0.0,0,0,0.0,0.996709,0.996709,0.0,0.836556,0.836556,0.0,31.0,31.0,0.0,0.0,0.0,0.0,0.0,0.0,0.0,0.0,0.0,0.0,0.0,0.0,0.0,0.0,0.0,0.0,0.062,0.062,0.0,1,base_keep,base_keep,0
txt_001,Rendered text,AI,core,public_benchmark_v1,satinrail_safeadt_light,results\public_benchmark_v1_ext33_m2_73_texture_satinrail_safeadt_light,satin_rail,0,1,0,precision_drop_too_large,-0.41865704,line_text_skeleton,1.0,1.1,0.055633544921875,0.0037841796875,0.06801974766867801,26,6,79,0.01623934,0.008,0.00823934,2,1,1.0,0,0,0.0,0.0,0.0,0.0,0,0,0.0,1.0,0.996709,0.003291,0.569955,0.836556,-0.266601,28.0,31.0,-3.0,0.0,0.0,0.0,0.0,0.0,0.0,58.0,0.0,58.0,0.0,0.0,0.0,0.0,0.0,0.0,0.636,0.062,0.574,0,base_keep,base_keep,0
txt_001,Rendered text,AI,core,public_benchmark_v1,dtsatin_safeadt_light,results\public_benchmark_v1_ext33_m2_73_texture_dtsatin_safeadt_light,dt_satin,0,1,0,precision_drop_too_large,-0.40087204,line_text_skeleton,1.0,1.1,0.055633544921875,0.0037841796875,0.06801974766867801,26,6,79,0.01623934,0.008,0.00823934,2,1,1.0,0,0,0.0,0.0,0.0,0.0,0,0,0.0,1.0,0.996709,0.003291,0.57255,0.836556,-0.264006,28.0,31.0,-3.0,0.0,0.0,0.0,0.0,0.0,0.0,0.0,0.0,0.0,59.0,0.0,59.0,0.0,0.0,0.0,0.646,0.062,0.584,0,base_keep,base_keep,0
txt_001,Rendered text,AI,core,public_benchmark_v1,satinrail_w4_s18_i4_cap40,results\public_benchmark_v1_ext33_m2_74_texture_satinrail_w4_s18_i4_cap40,satin_rail,0,1,0,precision_drop_too_large,-0.71464404,line_text_skeleton,1.0,1.1,0.055633544921875,0.0037841796875,0.06801974766867801,26,6,79,0.01623934,0.008,0.00823934,2,1,1.0,0,0,0.0,0.0,0.0,0.0,0,0,0.0,1.0,0.996709,0.003291,0.574626,0.836556,-0.26193,28.0,31.0,-3.0,0.0,0.0,0.0,0.0,0.0,0.0,27.0,0.0,27.0,0.0,0.0,0.0,0.0,0.0,0.0,0.326,0.062,0.264,0,base_keep,base_keep,0
txt_001,Rendered text,AI,core,public_benchmark_v1,satinrail_w5_s16_i5_cap45,results\public_benchmark_v1_ext33_m2_74_texture_satinrail_w5_s16_i5_cap45,satin_rail,0,1,0,precision_drop_too_large,-0.61491704,line_text_skeleton,1.0,1.1,0.055633544921875,0.0037841796875,0.06801974766867801,26,6,79,0.01623934,0.008,0.00823934,2,1,1.0,0,0,0.0,0.0,0.0,0.0,0,0,0.0,1.0,0.996709,0.003291,0.574535,0.836556,-0.262021,28.0,31.0,-3.0,0.0,0.0,0.0,0.0,0.0,0.0,37.0,0.0,37.0,0.0,0.0,0.0,0.0,0.0,0.0,0.426,0.062,0.364,0,base_keep,base_keep,0
txt_002,Rendered text,DST,core,public_benchmark_v1,base_keep,results\public_benchmark_v1_ext33_m2_72_line_skeleton_profile,base_keep,1,0,1,base_keep,0.0,line_text_skeleton,1.0,1.25,0.111724853515625,0.009368896484375,0.08385686970773013,27,9,198,0.04727158,0.04727158,0.0,5.0,5.0,0.0,1.0,1.0,0.0,0.0,0.0,0.0,0.0,0.0,0.0,0.972412,0.972412,0.0,0.845305,0.845305,0.0,50.0,50.0,0.0,0.0,0.0,0.0,0.0,0.0,0.0,0.0,0.0,0.0,0.0,0.0,0.0,0.0,0.0,0.0,0.1,0.1,0.0,1,base_keep,base_keep,0
txt_002,Rendered text,DST,core,public_benchmark_v1,satinrail_safeadt_light,results\public_benchmark_v1_ext33_m2_73_texture_satinrail_safeadt_light,satin_rail,0,1,0,precision_drop_too_large,0.153597,line_text_skeleton,1.0,1.25,0.111724853515625,0.009368896484375,0.08385686970773013,27,9,198,0.01621633,0.04727158,-0.03105525,2,5.0,-3.0,0,1.0,-1.0,0.0,0.0,0.0,0,0.0,0.0,1.0,0.972412,0.027588,0.588112,0.845305,-0.257193,40.0,50.0,-10.0,0.0,0.0,0.0,0.0,0.0,0.0,89.0,0.0,89.0,0.0,0.0,0.0,0.0,0.0,0.0,0.97,0.1,0.87,0,base_keep,base_keep,0
txt_002,Rendered text,DST,core,public_benchmark_v1,dtsatin_safeadt_light,results\public_benchmark_v1_ext33_m2_73_texture_dtsatin_safeadt_light,dt_satin,0,1,0,precision_drop_too_large,0.203313,line_text_skeleton,1.0,1.25,0.111724853515625,0.009368896484375,0.08385686970773013,27,9,198,0.01621633,0.04727158,-0.03105525,2,5.0,-3.0,0,1.0,-1.0,0.0,0.0,0.0,0,0.0,0.0,1.0,0.972412,0.027588,0.584684,0.845305,-0.260621,40.0,50.0,-10.0,0.0,0.0,0.0,0.0,0.0,0.0,0.0,0.0,0.0,95.0,0.0,95.0,0.0,0.0,0.0,1.03,0.1,0.93,0,base_keep,base_keep,0
txt_002,Rendered text,DST,core,public_benchmark_v1,satinrail_w4_s18_i4_cap40,results\public_benchmark_v1_ext33_m2_74_texture_satinrail_w4_s18_i4_cap40,satin_rail,0,1,0,precision_drop_too_large,-0.305031,line_text_skeleton,1.0,1.25,0.111724853515625,0.009368896484375,0.08385686970773013,27,9,198,0.01621633,0.04727158,-0.03105525,2,5.0,-3.0,0,1.0,-1.0,0.0,0.0,0.0,0,0.0,0.0,1.0,0.972412,0.027588,0.595236,0.845305,-0.250069,40.0,50.0,-10.0,0.0,0.0,0.0,0.0,0.0,0.0,41.0,0.0,41.0,0.0,0.0,0.0,0.0,0.0,0.0,0.49,0.1,0.39,0,base_keep,base_keep,0
txt_002,Rendered text,DST,core,public_benchmark_v1,satinrail_w5_s16_i5_cap45,results\public_benchmark_v1_ext33_m2_74_texture_satinrail_w5_s16_i5_cap45,satin_rail,0,1,0,precision_drop_too_large,-0.123046,line_text_skeleton,1.0,1.25,0.111724853515625,0.009368896484375,0.08385686970773013,27,9,198,0.01621633,0.04727158,-0.03105525,2,5.0,-3.0,0,1.0,-1.0,0.0,0.0,0.0,0,0.0,0.0,1.0,0.972412,0.027588,0.599231,0.845305,-0.246074,40.0,50.0,-10.0,0.0,0.0,0.0,0.0,0.0,0.0,58.0,0.0,58.0,0.0,0.0,0.0,0.0,0.0,0.0,0.66,0.1,0.56,0,base_keep,base_keep,0
txt_003,Rendered text,WKU,full,public_benchmark_v1,base_keep,results\public_benchmark_v1_ext33_m2_72_line_skeleton_profile,base_keep,1,0,1,base_keep,0.0,line_text_skeleton,1.0,1.25,0.1407318115234375,0.01055908203125,0.07502981676244172,40,6,215,0.03294437,0.03294437,0.0,4,4,0.0,0,0,0.0,0.0,0.0,0.0,0,0,0.0,0.992627,0.992627,0.0,0.753064,0.753064,0.0,76.0,76.0,0.0,0.0,0.0,0.0,0.0,0.0,0.0,0.0,0.0,0.0,0.0,0.0,0.0,0.0,0.0,0.0,0.152,0.152,0.0,1,base_keep,base_keep,0
txt_003,Rendered text,WKU,full,public_benchmark_v1,satinrail_safeadt_light,results\public_benchmark_v1_ext33_m2_73_texture_satinrail_safeadt_light,satin_rail,0,1,0,off_mask_increase,-20.80882388,line_text_skeleton,1.0,1.25,0.1407318115234375,0.01055908203125,0.07502981676244172,40,6,215,0.06470835,0.03294437,0.03176398,5,4,1.0,0,0,0.0,1.05,0.0,1.05,0,0,0.0,1.0,0.992627,0.007373,0.583402,0.753064,-0.169662,64.0,76.0,-12.0,0.0,0.0,0.0,0.0,0.0,0.0,105.0,0.0,105.0,0.0,0.0,0.0,0.0,0.0,0.0,1.178,0.152,1.026,0,base_keep,base_keep,0
txt_003,Rendered text,WKU,full,public_benchmark_v1,dtsatin_safeadt_light,results\public_benchmark_v1_ext33_m2_73_texture_dtsatin_safeadt_light,dt_satin,0,1,0,off_mask_increase,-20.50428088,line_text_skeleton,1.0,1.25,0.1407318115234375,0.01055908203125,0.07502981676244172,40,6,215,0.05658035,0.03294437,0.02363598,4,4,0.0,0,0,0.0,1.05,0.0,1.05,0,0,0.0,1.0,0.992627,0.007373,0.585327,0.753064,-0.167737,64.0,76.0,-12.0,0.0,0.0,0.0,0.0,0.0,0.0,0.0,0.0,0.0,115.0,0.0,115.0,0.0,0.0,0.0,1.278,0.152,1.126,0,base_keep,base_keep,0
txt_003,Rendered text,WKU,full,public_benchmark_v1,satinrail_w4_s18_i4_cap40,results\public_benchmark_v1_ext33_m2_74_texture_satinrail_w4_s18_i4_cap40,satin_rail,0,1,0,off_mask_increase,-21.06227088,line_text_skeleton,1.0,1.25,0.1407318115234375,0.01055908203125,0.07502981676244172,40,6,215,0.05658035,0.03294437,0.02363598,4,4,0.0,0,0,0.0,1.05,0.0,1.05,0,0,0.0,1.0,0.992627,0.007373,0.585997,0.753064,-0.167067,64.0,76.0,-12.0,0.0,0.0,0.0,0.0,0.0,0.0,59.0,0.0,59.0,0.0,0.0,0.0,0.0,0.0,0.0,0.718,0.152,0.566,0,base_keep,base_keep,0
txt_003,Rendered text,WKU,full,public_benchmark_v1,satinrail_w5_s16_i5_cap45,results\public_benchmark_v1_ext33_m2_74_texture_satinrail_w5_s16_i5_cap45,satin_rail,0,1,0,off_mask_increase,-20.88092988,line_text_skeleton,1.0,1.25,0.1407318115234375,0.01055908203125,0.07502981676244172,40,6,215,0.05658035,0.03294437,0.02363598,4,4,0.0,0,0,0.0,1.05,0.0,1.05,0,0,0.0,1.0,0.992627,0.007373,0.586444,0.753064,-0.16662,64.0,76.0,-12.0,0.0,0.0,0.0,0.0,0.0,0.0,77.0,0.0,77.0,0.0,0.0,0.0,0.0,0.0,0.0,0.898,0.152,0.746,0,base_keep,base_keep,0
txt_004,Rendered text,2026,full,public_benchmark_v1,base_keep,results\public_benchmark_v1_ext33_m2_72_line_skeleton_profile,base_keep,1,0,1,base_keep,0.0,line_text_skeleton,1.0,1.25,0.1381683349609375,0.0102081298828125,0.07388183324130315,45,12,172,0.06417366,0.06417366,0.0,7.0,7.0,0.0,1.0,1.0,0.0,0.0,0.0,0.0,0.0,0.0,0.0,0.991717,0.991717,0.0,0.832406,0.832406,0.0,69.0,69.0,0.0,0.0,0.0,0.0,0.0,0.0,0.0,0.0,0.0,0.0,0.0,0.0,0.0,0.0,0.0,0.0,0.138,0.138,0.0,1,base_keep,base_keep,0
txt_004,Rendered text,2026,full,public_benchmark_v1,satinrail_safeadt_light,results\public_benchmark_v1_ext33_m2_73_texture_satinrail_safeadt_light,satin_rail,0,1,0,precision_drop_too_large,0.059546,line_text_skeleton,1.0,1.25,0.1381683349609375,0.0102081298828125,0.07388183324130315,45,12,172,0.02466871,0.06417366,-0.03950495,3,7.0,-4.0,0,1.0,-1.0,0.0,0.0,0.0,0,0.0,0.0,1.0,0.991717,0.008283,0.600066,0.832406,-0.23234,44.0,69.0,-25.0,0.0,0.0,0.0,0.0,0.0,0.0,79.0,0.0,79.0,0.0,0.0,0.0,0.0,0.0,0.0,0.878,0.138,0.74,0,base_keep,base_keep,0
txt_004,Rendered text,2026,full,public_benchmark_v1,dtsatin_safeadt_light,results\public_benchmark_v1_ext33_m2_73_texture_dtsatin_safeadt_light,dt_satin,0,1,0,off_mask_increase,-12.395686,line_text_skeleton,1.0,1.25,0.1381683349609375,0.0102081298828125,0.07388183324130315,45,12,172,0.03874246,0.06417366,-0.0254312,3,7.0,-4.0,0,1.0,-1.0,0.6255,0.0,0.6255,0,0.0,0.0,1.0,0.991717,0.008283,0.598322,0.832406,-0.234084,44.0,69.0,-25.0,0.0,0.0,0.0,0.0,0.0,0.0,0.0,0.0,0.0,85.0,0.0,85.0,0.0,0.0,0.0,0.938,0.138,0.8,0,base_keep,base_keep,0
txt_004,Rendered text,2026,full,public_benchmark_v1,satinrail_w4_s18_i4_cap40,results\public_benchmark_v1_ext33_m2_74_texture_satinrail_w4_s18_i4_cap40,satin_rail,0,1,0,precision_drop_too_large,-0.284709,line_text_skeleton,1.0,1.25,0.1381683349609375,0.0102081298828125,0.07388183324130315,45,12,172,0.02466871,0.06417366,-0.03950495,3,7.0,-4.0,0,1.0,-1.0,0.0,0.0,0.0,0,0.0,0.0,1.0,0.991717,0.008283,0.601981,0.832406,-0.230425,44.0,69.0,-25.0,0.0,0.0,0.0,0.0,0.0,0.0,44.0,0.0,44.0,0.0,0.0,0.0,0.0,0.0,0.0,0.528,0.138,0.39,0,base_keep,base_keep,0
txt_004,Rendered text,2026,full,public_benchmark_v1,satinrail_w5_s16_i5_cap45,results\public_benchmark_v1_ext33_m2_74_texture_satinrail_w5_s16_i5_cap45,satin_rail,0,1,0,precision_drop_too_large,-0.183626,line_text_skeleton,1.0,1.25,0.1381683349609375,0.0102081298828125,0.07388183324130315,45,12,172,0.02466871,0.06417366,-0.03950495,3,7.0,-4.0,0,1.0,-1.0,0.0,0.0,0.0,0,0.0,0.0,1.0,0.991717,0.008283,0.602342,0.832406,-0.230064,44.0,69.0,-25.0,0.0,0.0,0.0,0.0,0.0,0.0,54.0,0.0,54.0,0.0,0.0,0.0,0.0,0.0,0.0,0.628,0.138,0.49,0,base_keep,base_keep,0
txt_005,Rendered text,HELLO,full,public_benchmark_v1,base_keep,results\public_benchmark_v1_ext33_m2_72_line_skeleton_profile,base_keep,1,0,1,base_keep,0.0,line_text_skeleton,1.0,1.25,0.1432342529296875,0.011383056640625,0.07947160967295196,16,10,170,0.14271031,0.14271031,0.0,15.0,15.0,0.0,3.0,3.0,0.0,0.0,0.0,0.0,0.0,0.0,0.0,0.985405,0.985405,0.0,0.821273,0.821273,0.0,65.0,65.0,0.0,0.0,0.0,0.0,0.0,0.0,0.0,0.0,0.0,0.0,0.0,0.0,0.0,0.0,0.0,0.0,0.13,0.13,0.0,1,base_keep,base_keep,0
txt_005,Rendered text,HELLO,full,public_benchmark_v1,satinrail_safeadt_light,results\public_benchmark_v1_ext33_m2_73_texture_satinrail_safeadt_light,satin_rail,0,1,0,precision_drop_too_large,0.296811,line_text_skeleton,1.0,1.25,0.1432342529296875,0.011383056640625,0.07947160967295196,16,10,170,0.07229788,0.14271031,-0.07041243,8,15.0,-7.0,1,3.0,-2.0,0.0,0.0,0.0,0,0.0,0.0,1.0,0.985405,0.014595,0.57448,0.821273,-0.246793,44.0,65.0,-21.0,0.0,0.0,0.0,0.0,0.0,0.0,105.0,0.0,105.0,0.0,0.0,0.0,0.0,0.0,0.0,1.138,0.13,1.008,0,base_keep,base_keep,0
txt_005,Rendered text,HELLO,full,public_benchmark_v1,dtsatin_safeadt_light,results\public_benchmark_v1_ext33_m2_73_texture_dtsatin_safeadt_light,dt_satin,0,1,0,precision_drop_too_large,0.384072,line_text_skeleton,1.0,1.25,0.1432342529296875,0.011383056640625,0.07947160967295196,16,10,170,0.07232356,0.14271031,-0.07038675,8,15.0,-7.0,1,3.0,-2.0,0.0,0.0,0.0,0,0.0,0.0,1.0,0.985405,0.014595,0.573567,0.821273,-0.247706,44.0,65.0,-21.0,0.0,0.0,0.0,0.0,0.0,0.0,0.0,0.0,0.0,114.0,0.0,114.0,0.0,0.0,0.0,1.228,0.13,1.098,0,base_keep,base_keep,0
txt_005,Rendered text,HELLO,full,public_benchmark_v1,satinrail_w4_s18_i4_cap40,results\public_benchmark_v1_ext33_m2_74_texture_satinrail_w4_s18_i4_cap40,satin_rail,0,1,0,precision_drop_too_large,-0.166346,line_text_skeleton,1.0,1.25,0.1432342529296875,0.011383056640625,0.07947160967295196,16,10,170,0.07229399,0.14271031,-0.07041632,8,15.0,-7.0,1,3.0,-2.0,0.0,0.0,0.0,0,0.0,0.0,1.0,0.985405,0.014595,0.586761,0.821273,-0.234512,44.0,65.0,-21.0,0.0,0.0,0.0,0.0,0.0,0.0,55.0,0.0,55.0,0.0,0.0,0.0,0.0,0.0,0.0,0.638,0.13,0.508,0,base_keep,base_keep,0
txt_005,Rendered text,HELLO,full,public_benchmark_v1,satinrail_w5_s16_i5_cap45,results\public_benchmark_v1_ext33_m2_74_texture_satinrail_w5_s16_i5_cap45,satin_rail,0,1,0,precision_drop_too_large,0.015951,line_text_skeleton,1.0,1.25,0.1432342529296875,0.011383056640625,0.07947160967295196,16,10,170,0.07228889,0.14271031,-0.07042142,8,15.0,-7.0,1,3.0,-2.0,0.0,0.0,0.0,0,0.0,0.0,1.0,0.985405,0.014595,0.59086,0.821273,-0.230413,44.0,65.0,-21.0,0.0,0.0,0.0,0.0,0.0,0.0,72.0,0.0,72.0,0.0,0.0,0.0,0.0,0.0,0.0,0.808,0.13,0.678,0,base_keep,base_keep,0
