sample_id,source_name,category,candidate,dst_path,target_mask_path,quality_level,unified_loss,jump_count,trim_count,off_mask_stitch_length_mm,visible_connector_count,jump_path_mm,visible_connector_length_mm,target_pixels,adaptive_target_pixels,stitch_pixels,overlap_pixels,off_target_pixels,adaptive_overlap_pixels,adaptive_off_target_pixels,coverage_ratio,stitch_precision_ratio,adaptive_coverage_ratio,adaptive_stitch_precision_ratio,overfill_outside_adaptive_ratio,line_radius_px,adaptive_precision_radius_px,target_width_mm,balanced_score
qd_005,QuickDraw,bicycle,public_benchmark_v1_ext33_m2_70_line_art_jump_profile,results\public_benchmark_v1_ext33_m2_70_line_art_jump_profile\qd_005\prediction.dst,datasets\public_benchmark_v1_ext33\quickdraw_10\qd_005_mask.png,excellent,0.01639641,2,0,0.0,0,12.3879,0.0,7540,11320,11274,7458,3816,10276,998,0.989125,0.661522,0.907774,0.911478,0.088522,2,2,90.0,0.02826353
qd_008,QuickDraw,star,public_benchmark_v1_ext33_m2_71_maskpath_d1_c24_i090_r42_f32_min8,results\public_benchmark_v1_ext33_m2_71_maskpath_d1_c24_i090_r42_f32_min8\qd_008\prediction.dst,datasets\public_benchmark_v1_ext33\quickdraw_10\qd_008_mask.png,excellent,0.03308373,4,0,0.0,0,33.8666,0.0,5902,9332,8645,5872,2773,8482,163,0.994917,0.679237,0.908916,0.981145,0.018855,2,2,90.0,0.05281381
qd_008,QuickDraw,star,public_benchmark_v1_ext33_m2_70_line_art_jump_profile,results\public_benchmark_v1_ext33_m2_70_line_art_jump_profile\qd_008\prediction.dst,datasets\public_benchmark_v1_ext33\quickdraw_10\qd_008_mask.png,excellent,0.03308916,4,0,0.0,0,34.0361,0.0,5902,9332,7970,5847,2123,7902,68,0.990681,0.733626,0.846764,0.991468,0.008532,2,2,90.0,0.06027748
qd_008,QuickDraw,star,public_benchmark_v1_ext33_m2_71_maskpath_d2_c28_i085_r48_f36_min6,results\public_benchmark_v1_ext33_m2_71_maskpath_d2_c28_i085_r48_f36_min6\qd_008\prediction.dst,datasets\public_benchmark_v1_ext33\quickdraw_10\qd_008_mask.png,warning,0.20617125,4,0,6.2265,1,33.8666,3.1623,5902,9332,8696,5872,2824,8480,216,0.994917,0.675253,0.908701,0.975161,0.024839,2,2,90.0,0.36819213
qd_006,QuickDraw,bird,public_benchmark_v1_ext33_m2_70_line_art_jump_profile,results\public_benchmark_v1_ext33_m2_70_line_art_jump_profile\qd_006\prediction.dst,datasets\public_benchmark_v1_ext33\quickdraw_10\qd_006_mask.png,excellent,0.06429324,7,1,0.0,0,71.6638,0.0,6036,9168,8162,5489,2673,7865,297,0.909377,0.672507,0.857875,0.963612,0.036388,2,2,90.0,0.10979808
qd_002,QuickDraw,dog,public_benchmark_v1_ext33_m2_70_line_art_jump_profile,results\public_benchmark_v1_ext33_m2_70_line_art_jump_profile\qd_002\prediction.dst,datasets\public_benchmark_v1_ext33\quickdraw_10\qd_002_mask.png,excellent,0.07256709,8,1,0.0,0,80.2215,0.0,8242,12300,11298,8174,3124,10893,405,0.99175,0.723491,0.88561,0.964153,0.035847,2,2,90.0,0.11309389
qd_004,QuickDraw,flower,public_benchmark_v1_ext33_m2_70_line_art_jump_profile,results\public_benchmark_v1_ext33_m2_70_line_art_jump_profile\qd_004\prediction.dst,datasets\public_benchmark_v1_ext33\quickdraw_10\qd_004_mask.png,excellent,0.07266845,8,1,0.0,0,83.3891,0.0,5898,9169,7829,5466,2363,7612,217,0.926755,0.698173,0.830189,0.972283,0.027717,2,2,90.0,0.12410537
qd_003,QuickDraw,fish,public_benchmark_v1_ext33_m2_70_line_art_jump_profile,results\public_benchmark_v1_ext33_m2_70_line_art_jump_profile\qd_003\prediction.dst,datasets\public_benchmark_v1_ext33\quickdraw_10\qd_003_mask.png,excellent,0.08985826,10,1,0.0,0,120.5705,0.0,5046,7947,7416,4982,2434,6902,514,0.987317,0.671791,0.868504,0.93069,0.06931,2,2,90.0,0.14043778
qd_001,QuickDraw,cat,public_benchmark_v1_ext33_m2_70_line_art_jump_profile,results\public_benchmark_v1_ext33_m2_70_line_art_jump_profile\qd_001\prediction.dst,datasets\public_benchmark_v1_ext33\quickdraw_10\qd_001_mask.png,pass,0.09782929,11,1,0.0,0,119.6652,0.0,7588,11839,10613,7193,3420,9780,833,0.947944,0.677754,0.826083,0.921511,0.078489,2,2,90.0,0.16006381
qd_008,QuickDraw,star,public_benchmark_v1_ext33_m2_71_sg_euler_d1_c24_i090_r42_f32_min8,results\public_benchmark_v1_ext33_m2_71_sg_euler_d1_c24_i090_r42_f32_min8\qd_008\prediction.dst,datasets\public_benchmark_v1_ext33\quickdraw_10\qd_008_mask.png,warning,0.20665724,11,1,4.8399,0,117.484,0.0,5902,9332,8669,5851,2818,8461,208,0.991359,0.674934,0.906665,0.976006,0.023994,2,2,90.0,0.30505644
qd_008,QuickDraw,star,public_benchmark_v1_ext33_m2_71_sg_open_d1_c24_i090_r42_f32_min8,results\public_benchmark_v1_ext33_m2_71_sg_open_d1_c24_i090_r42_f32_min8\qd_008\prediction.dst,datasets\public_benchmark_v1_ext33\quickdraw_10\qd_008_mask.png,warning,0.20665724,11,1,4.8399,0,117.484,0.0,5902,9332,8669,5851,2818,8461,208,0.991359,0.674934,0.906665,0.976006,0.023994,2,2,90.0,0.30505644
qd_007,QuickDraw,moon,public_benchmark_v1_ext33_m2_71_maskpath_d1_c24_i090_r42_f32_min8,results\public_benchmark_v1_ext33_m2_71_maskpath_d1_c24_i090_r42_f32_min8\qd_007\prediction.dst,datasets\public_benchmark_v1_ext33\quickdraw_10\qd_007_mask.png,pass,0.15029177,13,1,1.6317,0,111.8288,0.0,8074,12913,12137,8049,4088,11964,173,0.996904,0.663179,0.926508,0.985746,0.014254,2,2,90.0,0.22222781
qd_007,QuickDraw,moon,public_benchmark_v1_ext33_m2_71_maskpath_d2_c28_i085_r48_f36_min6,results\public_benchmark_v1_ext33_m2_71_maskpath_d2_c28_i085_r48_f36_min6\qd_007\prediction.dst,datasets\public_benchmark_v1_ext33\quickdraw_10\qd_007_mask.png,pass,0.15029177,13,1,1.6317,0,111.8288,0.0,8074,12913,12133,8049,4084,11960,173,0.996904,0.663397,0.926198,0.985741,0.014259,2,2,90.0,0.22226501
qd_007,QuickDraw,moon,public_benchmark_v1_ext33_m2_70_line_art_jump_profile,results\public_benchmark_v1_ext33_m2_70_line_art_jump_profile\qd_007\prediction.dst,datasets\public_benchmark_v1_ext33\quickdraw_10\qd_007_mask.png,pass,0.12174937,14,1,0.0,0,117.1677,0.0,8074,12913,12017,7977,4040,11857,160,0.987986,0.66381,0.918222,0.986686,0.013314,2,2,90.0,0.18236273
qd_007,QuickDraw,moon,public_benchmark_v1_ext33_m2_71_sg_euler_d1_c24_i090_r42_f32_min8,results\public_benchmark_v1_ext33_m2_71_sg_euler_d1_c24_i090_r42_f32_min8\qd_007\prediction.dst,datasets\public_benchmark_v1_ext33\quickdraw_10\qd_007_mask.png,pass,0.17590703,14,1,2.3774,0,137.9853,0.0,8074,12913,12119,8046,4073,11940,179,0.996532,0.663916,0.92465,0.98523,0.01477,2,2,90.0,0.25952303
qd_007,QuickDraw,moon,public_benchmark_v1_ext33_m2_71_sg_open_d1_c24_i090_r42_f32_min8,results\public_benchmark_v1_ext33_m2_71_sg_open_d1_c24_i090_r42_f32_min8\qd_007\prediction.dst,datasets\public_benchmark_v1_ext33\quickdraw_10\qd_007_mask.png,pass,0.17590703,14,1,2.3774,0,137.9853,0.0,8074,12913,12119,8046,4073,11940,179,0.996532,0.663916,0.92465,0.98523,0.01477,2,2,90.0,0.25952303
qd_001,QuickDraw,cat,public_benchmark_v1_ext33_m2_71_sg_euler_d1_c24_i090_r42_f32_min8,results\public_benchmark_v1_ext33_m2_71_sg_euler_d1_c24_i090_r42_f32_min8\qd_001\prediction.dst,datasets\public_benchmark_v1_ext33\quickdraw_10\qd_001_mask.png,pass,0.14295575,15,3,0.0,0,154.8672,0.0,7588,11839,10137,6868,3269,9948,189,0.905113,0.677518,0.840274,0.981355,0.018645,2,2,90.0,0.22691383
qd_001,QuickDraw,cat,public_benchmark_v1_ext33_m2_71_sg_open_d1_c24_i090_r42_f32_min8,results\public_benchmark_v1_ext33_m2_71_sg_open_d1_c24_i090_r42_f32_min8\qd_001\prediction.dst,datasets\public_benchmark_v1_ext33\quickdraw_10\qd_001_mask.png,pass,0.14295575,15,3,0.0,0,154.8672,0.0,7588,11839,10137,6868,3269,9948,189,0.905113,0.677518,0.840274,0.981355,0.018645,2,2,90.0,0.22691383
qd_001,QuickDraw,cat,public_benchmark_v1_ext33_m2_71_maskpath_d1_c24_i090_r42_f32_min8,results\public_benchmark_v1_ext33_m2_71_maskpath_d1_c24_i090_r42_f32_min8\qd_001\prediction.dst,datasets\public_benchmark_v1_ext33\quickdraw_10\qd_001_mask.png,warning,0.15364155,17,2,0.0,0,176.2983,0.0,7588,11839,10137,6868,3269,9948,189,0.905113,0.677518,0.840274,0.981355,0.018645,2,2,90.0,0.24359963
qd_001,QuickDraw,cat,public_benchmark_v1_ext33_m2_71_maskpath_d2_c28_i085_r48_f36_min6,results\public_benchmark_v1_ext33_m2_71_maskpath_d2_c28_i085_r48_f36_min6\qd_001\prediction.dst,datasets\public_benchmark_v1_ext33\quickdraw_10\qd_001_mask.png,warning,0.17006555,19,2,0.0,0,189.5484,0.0,7588,11839,10258,6989,3269,10069,189,0.92106,0.681322,0.850494,0.981575,0.018425,2,2,90.0,0.26552147
qd_006,QuickDraw,bird,public_benchmark_v1_ext33_m2_71_maskpath_d2_c28_i085_r48_f36_min6,results\public_benchmark_v1_ext33_m2_71_maskpath_d2_c28_i085_r48_f36_min6\qd_006\prediction.dst,datasets\public_benchmark_v1_ext33\quickdraw_10\qd_006_mask.png,hard_fail,0.32669042,5,1,41.0121,3,58.757,9.4051,6036,9168,8948,5828,3120,8294,654,0.96554,0.651319,0.904668,0.926911,0.073089,2,2,90.0,1.00420806
qd_003,QuickDraw,fish,public_benchmark_v1_ext33_m2_71_sg_euler_d1_c24_i090_r42_f32_min8,results\public_benchmark_v1_ext33_m2_71_sg_euler_d1_c24_i090_r42_f32_min8\qd_003\prediction.dst,datasets\public_benchmark_v1_ext33\quickdraw_10\qd_003_mask.png,hard_fail,0.23562422,6,1,9.6355,0,50.7569,0.0,5046,7947,7507,4967,2540,7338,169,0.984344,0.661649,0.923367,0.977488,0.022512,2,2,90.0,0.35997518
qd_003,QuickDraw,fish,public_benchmark_v1_ext33_m2_71_sg_open_d1_c24_i090_r42_f32_min8,results\public_benchmark_v1_ext33_m2_71_sg_open_d1_c24_i090_r42_f32_min8\qd_003\prediction.dst,datasets\public_benchmark_v1_ext33\quickdraw_10\qd_003_mask.png,hard_fail,0.23562422,6,1,9.6355,0,50.7569,0.0,5046,7947,7507,4967,2540,7338,169,0.984344,0.661649,0.923367,0.977488,0.022512,2,2,90.0,0.35997518
qd_006,QuickDraw,bird,public_benchmark_v1_ext33_m2_71_sg_euler_d1_c24_i090_r42_f32_min8,results\public_benchmark_v1_ext33_m2_71_sg_euler_d1_c24_i090_r42_f32_min8\qd_006\prediction.dst,datasets\public_benchmark_v1_ext33\quickdraw_10\qd_006_mask.png,hard_fail,0.23562834,6,1,86.8543,0,50.8857,0.0,6036,9168,9660,5939,3721,8554,1106,0.98393,0.614803,0.933028,0.885507,0.114493,2,2,90.0,1.13332686
qd_006,QuickDraw,bird,public_benchmark_v1_ext33_m2_71_sg_open_d1_c24_i090_r42_f32_min8,results\public_benchmark_v1_ext33_m2_71_sg_open_d1_c24_i090_r42_f32_min8\qd_006\prediction.dst,datasets\public_benchmark_v1_ext33\quickdraw_10\qd_006_mask.png,hard_fail,0.23562834,6,1,86.8543,0,50.8857,0.0,6036,9168,9660,5939,3721,8554,1106,0.98393,0.614803,0.933028,0.885507,0.114493,2,2,90.0,1.13332686
qd_005,QuickDraw,bicycle,public_benchmark_v1_ext33_m2_71_maskpath_d2_c28_i085_r48_f36_min6,results\public_benchmark_v1_ext33_m2_71_maskpath_d2_c28_i085_r48_f36_min6\qd_005\prediction.dst,datasets\public_benchmark_v1_ext33\quickdraw_10\qd_005_mask.png,hard_fail,0.24416287,7,1,13.8672,0,67.5897,0.0,7540,11320,10344,7339,3005,10053,291,0.973342,0.709493,0.888074,0.971868,0.028132,2,2,90.0,0.41959863
qd_005,QuickDraw,bicycle,public_benchmark_v1_ext33_m2_71_maskpath_d1_c24_i090_r42_f32_min8,results\public_benchmark_v1_ext33_m2_71_maskpath_d1_c24_i090_r42_f32_min8\qd_005\prediction.dst,datasets\public_benchmark_v1_ext33\quickdraw_10\qd_005_mask.png,hard_fail,0.25247692,8,1,12.9014,0,77.4036,0.0,7540,11320,10082,7178,2904,9832,250,0.951989,0.711962,0.868551,0.975203,0.024797,2,2,90.0,0.42630568
qd_004,QuickDraw,flower,public_benchmark_v1_ext33_m2_71_sg_open_d1_c24_i090_r42_f32_min8,results\public_benchmark_v1_ext33_m2_71_sg_open_d1_c24_i090_r42_f32_min8\qd_004\prediction.dst,datasets\public_benchmark_v1_ext33\quickdraw_10\qd_004_mask.png,hard_fail,0.25250209,8,1,82.583,0,78.1904,0.0,5898,9169,8642,5611,3031,7918,724,0.951339,0.649271,0.863562,0.916223,0.083777,2,2,90.0,1.12379753
qd_004,QuickDraw,flower,public_benchmark_v1_ext33_m2_71_sg_euler_d1_c24_i090_r42_f32_min8,results\public_benchmark_v1_ext33_m2_71_sg_euler_d1_c24_i090_r42_f32_min8\qd_004\prediction.dst,datasets\public_benchmark_v1_ext33\quickdraw_10\qd_004_mask.png,hard_fail,0.25250209,8,1,85.0452,0,78.1904,0.0,5898,9169,8648,5611,3037,7919,729,0.951339,0.648821,0.863671,0.915703,0.084297,2,2,90.0,1.14840645
qd_005,QuickDraw,bicycle,public_benchmark_v1_ext33_m2_71_sg_open_d1_c24_i090_r42_f32_min8,results\public_benchmark_v1_ext33_m2_71_sg_open_d1_c24_i090_r42_f32_min8\qd_005\prediction.dst,datasets\public_benchmark_v1_ext33\quickdraw_10\qd_005_mask.png,hard_fail,0.25251586,8,1,9.4127,0,78.6207,0.0,7540,11320,10314,7346,2968,10062,252,0.974271,0.712236,0.888869,0.975567,0.024433,2,2,90.0,0.3872369
qd_005,QuickDraw,bicycle,public_benchmark_v1_ext33_m2_71_sg_euler_d1_c24_i090_r42_f32_min8,results\public_benchmark_v1_ext33_m2_71_sg_euler_d1_c24_i090_r42_f32_min8\qd_005\prediction.dst,datasets\public_benchmark_v1_ext33\quickdraw_10\qd_005_mask.png,hard_fail,0.25251586,8,1,9.4127,0,78.6207,0.0,7540,11320,10313,7346,2967,10061,252,0.974271,0.712305,0.888781,0.975565,0.024435,2,2,90.0,0.38724746
qd_006,QuickDraw,bird,public_benchmark_v1_ext33_m2_71_maskpath_d1_c24_i090_r42_f32_min8,results\public_benchmark_v1_ext33_m2_71_maskpath_d1_c24_i090_r42_f32_min8\qd_006\prediction.dst,datasets\public_benchmark_v1_ext33\quickdraw_10\qd_006_mask.png,hard_fail,0.25291256,8,1,24.8247,0,91.0174,0.0,6036,9168,8696,5797,2899,8246,450,0.960404,0.666628,0.899433,0.948252,0.051748,2,2,90.0,0.54159528
qd_002,QuickDraw,dog,public_benchmark_v1_ext33_m2_71_maskpath_d1_c24_i090_r42_f32_min8,results\public_benchmark_v1_ext33_m2_71_maskpath_d1_c24_i090_r42_f32_min8\qd_002\prediction.dst,datasets\public_benchmark_v1_ext33\quickdraw_10\qd_002_mask.png,hard_fail,0.28324198,8,1,32.9121,1,81.7347,1.9799,8242,12300,11069,7981,3088,10614,455,0.968333,0.721023,0.862927,0.958894,0.041106,2,2,90.0,0.7365451
qd_002,QuickDraw,dog,public_benchmark_v1_ext33_m2_71_maskpath_d2_c28_i085_r48_f36_min6,results\public_benchmark_v1_ext33_m2_71_maskpath_d2_c28_i085_r48_f36_min6\qd_002\prediction.dst,datasets\public_benchmark_v1_ext33\quickdraw_10\qd_002_mask.png,hard_fail,0.28324198,8,1,44.3598,1,81.7347,1.9799,8242,12300,11304,8026,3278,10691,613,0.973793,0.710014,0.869187,0.945771,0.054229,2,2,90.0,0.8498341
qd_004,QuickDraw,flower,public_benchmark_v1_ext33_m2_71_maskpath_d2_c28_i085_r48_f36_min6,results\public_benchmark_v1_ext33_m2_71_maskpath_d2_c28_i085_r48_f36_min6\qd_004\prediction.dst,datasets\public_benchmark_v1_ext33\quickdraw_10\qd_004_mask.png,hard_fail,0.34954754,8,1,22.4782,3,83.9355,8.4308,5898,9169,8359,5779,2580,8004,355,0.979824,0.691351,0.872941,0.957531,0.042469,2,2,90.0,0.8563907
qd_004,QuickDraw,flower,public_benchmark_v1_ext33_m2_71_maskpath_d1_c24_i090_r42_f32_min8,results\public_benchmark_v1_ext33_m2_71_maskpath_d1_c24_i090_r42_f32_min8\qd_004\prediction.dst,datasets\public_benchmark_v1_ext33\quickdraw_10\qd_004_mask.png,hard_fail,0.30988455,11,1,18.2876,1,115.1901,2.7659,5898,9169,8122,5612,2510,7825,297,0.951509,0.690963,0.853419,0.963433,0.036567,2,2,90.0,0.63142955
qd_003,QuickDraw,fish,public_benchmark_v1_ext33_m2_71_maskpath_d2_c28_i085_r48_f36_min6,results\public_benchmark_v1_ext33_m2_71_maskpath_d2_c28_i085_r48_f36_min6\qd_003\prediction.dst,datasets\public_benchmark_v1_ext33\quickdraw_10\qd_003_mask.png,hard_fail,0.28605207,12,1,20.0746,0,126.6271,0.0,5046,7947,7685,4972,2713,7386,299,0.985335,0.646975,0.929407,0.961093,0.038907,2,2,90.0,0.53806923
qd_002,QuickDraw,dog,public_benchmark_v1_ext33_m2_71_sg_euler_d1_c24_i090_r42_f32_min8,results\public_benchmark_v1_ext33_m2_71_sg_euler_d1_c24_i090_r42_f32_min8\qd_002\prediction.dst,datasets\public_benchmark_v1_ext33\quickdraw_10\qd_002_mask.png,hard_fail,0.32281801,12,2,60.1746,1,130.9856,1.9799,8242,12300,11345,7987,3358,10689,656,0.969061,0.704011,0.869024,0.942177,0.057823,2,2,90.0,1.06595625
qd_002,QuickDraw,dog,public_benchmark_v1_ext33_m2_71_sg_open_d1_c24_i090_r42_f32_min8,results\public_benchmark_v1_ext33_m2_71_sg_open_d1_c24_i090_r42_f32_min8\qd_002\prediction.dst,datasets\public_benchmark_v1_ext33\quickdraw_10\qd_002_mask.png,hard_fail,0.32281801,12,2,60.1746,1,130.9856,1.9799,8242,12300,11345,7987,3358,10689,656,0.969061,0.704011,0.869024,0.942177,0.057823,2,2,90.0,1.06595625
qd_003,QuickDraw,fish,public_benchmark_v1_ext33_m2_71_maskpath_d1_c24_i090_r42_f32_min8,results\public_benchmark_v1_ext33_m2_71_maskpath_d1_c24_i090_r42_f32_min8\qd_003\prediction.dst,datasets\public_benchmark_v1_ext33\quickdraw_10\qd_003_mask.png,hard_fail,0.29436249,13,1,9.2855,0,136.3277,0.0,5046,7947,7555,4979,2576,7365,190,0.986722,0.659034,0.926765,0.974851,0.025149,2,2,90.0,0.44280569
