config_id,train_objective,config.unified_weight,config.coverage_profile,config.coverage_weight,config.precision_weight,config.jump_weight,config.trim_weight,config.off_mask_weight,config.visible_weight,config.hard_fail_penalty,config.min_coverage,config.adaptive_flat_min_coverage,config.adaptive_line_min_coverage,config.min_precision,config.jump_scale,config.trim_scale,config.style_aware_max_off_mask_mm,config.style_aware_max_jump_count,config.style_aware_max_trim_count,config.style_aware_min_precision,config.style_aware_min_coverage,config.mask_fill_max_off_mask_mm,config.mask_fill_max_jump_count,config.mask_fill_max_trim_count,config.mask_fill_min_precision,config.mask_fill_min_coverage,train.samples,train.hard_fail,train.mean_calibrated_score,train.mean_unified_loss,train.mean_jump_count,train.mean_trim_count,train.mean_off_mask_stitch_length_mm,train.mean_visible_connector_count,train.mean_coverage_ratio,train.mean_effective_min_coverage,train.mean_coverage_margin,train.mean_stitch_precision_ratio,train.coverage_profile_counts,test.samples,test.hard_fail,test.mean_calibrated_score,test.mean_unified_loss,test.mean_jump_count,test.mean_trim_count,test.mean_off_mask_stitch_length_mm,test.mean_visible_connector_count,test.mean_coverage_ratio,test.mean_effective_min_coverage,test.mean_coverage_margin,test.mean_stitch_precision_ratio,test.coverage_profile_counts
0,0.05471024,1.0,global,0.2,0.05,0.0,0.0,0.02,0.05,0.04,0.8,0.84,0.58,0.72,20.0,8.0,0.5,24.0,5.0,0.68,0.78,0.5,24.0,5.0,0.68,0.78,17,0,0.05399,0.050634,5.529412,0.411765,0.101906,0.0,0.985099,0.8,0.185099,0.812448,{'global': 17},16,0,0.055778,0.051748,5.75,0.4375,0.061937,0.0,0.95165,0.8,0.15165,0.827483,{'global': 16}
1,0.0540154,1.0,global,0.2,0.05,0.0,0.0,0.05,0.05,0.04,0.8,0.84,0.58,0.72,20.0,8.0,0.5,24.0,5.0,0.68,0.78,0.5,24.0,5.0,0.68,0.78,17,0,0.055965,0.051486,5.352941,0.941176,0.063235,0.0,0.982482,0.8,0.182482,0.813275,{'global': 17},16,0,0.057636,0.051748,5.75,0.4375,0.061937,0.0,0.95165,0.8,0.15165,0.827483,{'global': 16}
2,0.0540154,1.0,global,0.2,0.05,0.0,0.0,0.1,0.05,0.04,0.8,0.84,0.58,0.72,20.0,8.0,0.5,24.0,5.0,0.68,0.78,0.5,24.0,5.0,0.68,0.78,17,0,0.059127,0.051486,5.352941,0.941176,0.063235,0.0,0.982482,0.8,0.182482,0.813275,{'global': 17},16,0,0.059447,0.056656,6.0625,1.0625,0.0,0.0,0.950741,0.8,0.150741,0.836343,{'global': 16}
3,0.05471024,1.0,global,0.2,0.05,0.0,0.01,0.02,0.05,0.04,0.8,0.84,0.58,0.72,20.0,8.0,0.5,24.0,5.0,0.68,0.78,0.5,24.0,5.0,0.68,0.78,17,0,0.054505,0.050634,5.529412,0.411765,0.101906,0.0,0.985099,0.8,0.185099,0.812448,{'global': 17},16,0,0.056325,0.051748,5.75,0.4375,0.061937,0.0,0.95165,0.8,0.15165,0.827483,{'global': 16}
4,0.0540154,1.0,global,0.2,0.05,0.0,0.01,0.05,0.05,0.04,0.8,0.84,0.58,0.72,20.0,8.0,0.5,24.0,5.0,0.68,0.78,0.5,24.0,5.0,0.68,0.78,17,0,0.057141,0.051486,5.352941,0.941176,0.063235,0.0,0.982482,0.8,0.182482,0.813275,{'global': 17},16,0,0.058183,0.051748,5.75,0.4375,0.061937,0.0,0.95165,0.8,0.15165,0.827483,{'global': 16}
5,0.0540154,1.0,global,0.2,0.05,0.0,0.01,0.1,0.05,0.04,0.8,0.84,0.58,0.72,20.0,8.0,0.5,24.0,5.0,0.68,0.78,0.5,24.0,5.0,0.68,0.78,17,0,0.060303,0.051486,5.352941,0.941176,0.063235,0.0,0.982482,0.8,0.182482,0.813275,{'global': 17},16,0,0.060468,0.053876,6.0,0.5625,0.030969,0.0,0.951418,0.8,0.151418,0.83188,{'global': 16}
6,0.0540154,1.0,global,0.2,0.05,0.01,0.0,0.02,0.05,0.04,0.8,0.84,0.58,0.72,20.0,8.0,0.5,24.0,5.0,0.68,0.78,0.5,24.0,5.0,0.68,0.78,17,0,0.056744,0.051486,5.352941,0.941176,0.063235,0.0,0.982482,0.8,0.182482,0.813275,{'global': 17},16,0,0.058653,0.051748,5.75,0.4375,0.061937,0.0,0.95165,0.8,0.15165,0.827483,{'global': 16}
7,0.0540154,1.0,global,0.2,0.05,0.01,0.0,0.05,0.05,0.04,0.8,0.84,0.58,0.72,20.0,8.0,0.5,24.0,5.0,0.68,0.78,0.5,24.0,5.0,0.68,0.78,17,0,0.058641,0.051486,5.352941,0.941176,0.063235,0.0,0.982482,0.8,0.182482,0.813275,{'global': 17},16,0,0.060511,0.051748,5.75,0.4375,0.061937,0.0,0.95165,0.8,0.15165,0.827483,{'global': 16}
8,0.0540154,1.0,global,0.2,0.05,0.01,0.0,0.1,0.05,0.04,0.8,0.84,0.58,0.72,20.0,8.0,0.5,24.0,5.0,0.68,0.78,0.5,24.0,5.0,0.68,0.78,17,0,0.061803,0.051486,5.352941,0.941176,0.063235,0.0,0.982482,0.8,0.182482,0.813275,{'global': 17},16,0,0.062479,0.056656,6.0625,1.0625,0.0,0.0,0.950741,0.8,0.150741,0.836343,{'global': 16}
9,0.05471024,1.0,global,0.2,0.05,0.01,0.01,0.02,0.05,0.04,0.8,0.84,0.58,0.72,20.0,8.0,0.5,24.0,5.0,0.68,0.78,0.5,24.0,5.0,0.68,0.78,17,0,0.057269,0.050634,5.529412,0.411765,0.101906,0.0,0.985099,0.8,0.185099,0.812448,{'global': 17},16,0,0.0592,0.051748,5.75,0.4375,0.061937,0.0,0.95165,0.8,0.15165,0.827483,{'global': 16}
10,0.0540154,1.0,global,0.2,0.05,0.01,0.01,0.05,0.05,0.04,0.8,0.84,0.58,0.72,20.0,8.0,0.5,24.0,5.0,0.68,0.78,0.5,24.0,5.0,0.68,0.78,17,0,0.059818,0.051486,5.352941,0.941176,0.063235,0.0,0.982482,0.8,0.182482,0.813275,{'global': 17},16,0,0.061058,0.051748,5.75,0.4375,0.061937,0.0,0.95165,0.8,0.15165,0.827483,{'global': 16}
11,0.0540154,1.0,global,0.2,0.05,0.01,0.01,0.1,0.05,0.04,0.8,0.84,0.58,0.72,20.0,8.0,0.5,24.0,5.0,0.68,0.78,0.5,24.0,5.0,0.68,0.78,17,0,0.06298,0.051486,5.352941,0.941176,0.063235,0.0,0.982482,0.8,0.182482,0.813275,{'global': 17},16,0,0.063468,0.053876,6.0,0.5625,0.030969,0.0,0.951418,0.8,0.151418,0.83188,{'global': 16}
12,0.05568624,1.0,global,0.2,0.15,0.0,0.0,0.02,0.05,0.04,0.8,0.84,0.58,0.72,20.0,8.0,0.5,24.0,5.0,0.68,0.78,0.5,24.0,5.0,0.68,0.78,17,0,0.056404,0.05161,5.647059,0.411765,0.101906,0.0,0.983921,0.8,0.183921,0.820424,{'global': 17},16,0,0.056362,0.051748,5.75,0.4375,0.061937,0.0,0.95165,0.8,0.15165,0.827483,{'global': 16}
13,0.0549904,1.0,global,0.2,0.15,0.0,0.0,0.05,0.05,0.04,0.8,0.84,0.58,0.72,20.0,8.0,0.5,24.0,5.0,0.68,0.78,0.5,24.0,5.0,0.68,0.78,17,0,0.058379,0.052461,5.470588,0.941176,0.063235,0.0,0.981305,0.8,0.181305,0.82125,{'global': 17},16,0,0.05822,0.051748,5.75,0.4375,0.061937,0.0,0.95165,0.8,0.15165,0.827483,{'global': 16}
14,0.0549904,1.0,global,0.2,0.15,0.0,0.0,0.1,0.05,0.04,0.8,0.84,0.58,0.72,20.0,8.0,0.5,24.0,5.0,0.68,0.78,0.5,24.0,5.0,0.68,0.78,17,0,0.06154,0.052461,5.470588,0.941176,0.063235,0.0,0.981305,0.8,0.181305,0.82125,{'global': 17},16,0,0.060031,0.056656,6.0625,1.0625,0.0,0.0,0.950741,0.8,0.150741,0.836343,{'global': 16}
15,0.05568624,1.0,global,0.2,0.15,0.0,0.01,0.02,0.05,0.04,0.8,0.84,0.58,0.72,20.0,8.0,0.5,24.0,5.0,0.68,0.78,0.5,24.0,5.0,0.68,0.78,17,0,0.056918,0.05161,5.647059,0.411765,0.101906,0.0,0.983921,0.8,0.183921,0.820424,{'global': 17},16,0,0.056909,0.051748,5.75,0.4375,0.061937,0.0,0.95165,0.8,0.15165,0.827483,{'global': 16}
16,0.0549904,1.0,global,0.2,0.15,0.0,0.01,0.05,0.05,0.04,0.8,0.84,0.58,0.72,20.0,8.0,0.5,24.0,5.0,0.68,0.78,0.5,24.0,5.0,0.68,0.78,17,0,0.059555,0.052461,5.470588,0.941176,0.063235,0.0,0.981305,0.8,0.181305,0.82125,{'global': 17},16,0,0.058767,0.051748,5.75,0.4375,0.061937,0.0,0.95165,0.8,0.15165,0.827483,{'global': 16}
17,0.0549904,1.0,global,0.2,0.15,0.0,0.01,0.1,0.05,0.04,0.8,0.84,0.58,0.72,20.0,8.0,0.5,24.0,5.0,0.68,0.78,0.5,24.0,5.0,0.68,0.78,17,0,0.062717,0.052461,5.470588,0.941176,0.063235,0.0,0.981305,0.8,0.181305,0.82125,{'global': 17},16,0,0.061051,0.053876,6.0,0.5625,0.030969,0.0,0.951418,0.8,0.151418,0.83188,{'global': 16}
18,0.0549904,1.0,global,0.2,0.15,0.01,0.0,0.02,0.05,0.04,0.8,0.84,0.58,0.72,20.0,8.0,0.5,24.0,5.0,0.68,0.78,0.5,24.0,5.0,0.68,0.78,17,0,0.059217,0.052461,5.470588,0.941176,0.063235,0.0,0.981305,0.8,0.181305,0.82125,{'global': 17},16,0,0.059237,0.051748,5.75,0.4375,0.061937,0.0,0.95165,0.8,0.15165,0.827483,{'global': 16}
19,0.0549904,1.0,global,0.2,0.15,0.01,0.0,0.05,0.05,0.04,0.8,0.84,0.58,0.72,20.0,8.0,0.5,24.0,5.0,0.68,0.78,0.5,24.0,5.0,0.68,0.78,17,0,0.061114,0.052461,5.470588,0.941176,0.063235,0.0,0.981305,0.8,0.181305,0.82125,{'global': 17},16,0,0.061095,0.051748,5.75,0.4375,0.061937,0.0,0.95165,0.8,0.15165,0.827483,{'global': 16}
20,0.0549904,1.0,global,0.2,0.15,0.01,0.0,0.1,0.05,0.04,0.8,0.84,0.58,0.72,20.0,8.0,0.5,24.0,5.0,0.68,0.78,0.5,24.0,5.0,0.68,0.78,17,0,0.064276,0.052461,5.470588,0.941176,0.063235,0.0,0.981305,0.8,0.181305,0.82125,{'global': 17},16,0,0.063062,0.056656,6.0625,1.0625,0.0,0.0,0.950741,0.8,0.150741,0.836343,{'global': 16}
21,0.05568624,1.0,global,0.2,0.15,0.01,0.01,0.02,0.05,0.04,0.8,0.84,0.58,0.72,20.0,8.0,0.5,24.0,5.0,0.68,0.78,0.5,24.0,5.0,0.68,0.78,17,0,0.059742,0.05161,5.647059,0.411765,0.101906,0.0,0.983921,0.8,0.183921,0.820424,{'global': 17},16,0,0.059784,0.051748,5.75,0.4375,0.061937,0.0,0.95165,0.8,0.15165,0.827483,{'global': 16}
22,0.0549904,1.0,global,0.2,0.15,0.01,0.01,0.05,0.05,0.04,0.8,0.84,0.58,0.72,20.0,8.0,0.5,24.0,5.0,0.68,0.78,0.5,24.0,5.0,0.68,0.78,17,0,0.06229,0.052461,5.470588,0.941176,0.063235,0.0,0.981305,0.8,0.181305,0.82125,{'global': 17},16,0,0.061642,0.051748,5.75,0.4375,0.061937,0.0,0.95165,0.8,0.15165,0.827483,{'global': 16}
23,0.0549904,1.0,global,0.2,0.15,0.01,0.01,0.1,0.05,0.04,0.8,0.84,0.58,0.72,20.0,8.0,0.5,24.0,5.0,0.68,0.78,0.5,24.0,5.0,0.68,0.78,17,0,0.065452,0.052461,5.470588,0.941176,0.063235,0.0,0.981305,0.8,0.181305,0.82125,{'global': 17},16,0,0.064051,0.053876,6.0,0.5625,0.030969,0.0,0.951418,0.8,0.151418,0.83188,{'global': 16}
24,0.05471024,1.0,global,0.35,0.05,0.0,0.0,0.02,0.05,0.04,0.8,0.84,0.58,0.72,20.0,8.0,0.5,24.0,5.0,0.68,0.78,0.5,24.0,5.0,0.68,0.78,17,0,0.05399,0.050634,5.529412,0.411765,0.101906,0.0,0.985099,0.8,0.185099,0.812448,{'global': 17},16,0,0.057653,0.051748,5.75,0.4375,0.061937,0.0,0.95165,0.8,0.15165,0.827483,{'global': 16}
25,0.0540154,1.0,global,0.35,0.05,0.0,0.0,0.05,0.05,0.04,0.8,0.84,0.58,0.72,20.0,8.0,0.5,24.0,5.0,0.68,0.78,0.5,24.0,5.0,0.68,0.78,17,0,0.055965,0.051486,5.352941,0.941176,0.063235,0.0,0.982482,0.8,0.182482,0.813275,{'global': 17},16,0,0.059511,0.051748,5.75,0.4375,0.061937,0.0,0.95165,0.8,0.15165,0.827483,{'global': 16}
26,0.0540154,1.0,global,0.35,0.05,0.0,0.0,0.1,0.05,0.04,0.8,0.84,0.58,0.72,20.0,8.0,0.5,24.0,5.0,0.68,0.78,0.5,24.0,5.0,0.68,0.78,17,0,0.059127,0.051486,5.352941,0.941176,0.063235,0.0,0.982482,0.8,0.182482,0.813275,{'global': 17},16,0,0.061322,0.056656,6.0625,1.0625,0.0,0.0,0.950741,0.8,0.150741,0.836343,{'global': 16}
27,0.05471024,1.0,global,0.35,0.05,0.0,0.01,0.02,0.05,0.04,0.8,0.84,0.58,0.72,20.0,8.0,0.5,24.0,5.0,0.68,0.78,0.5,24.0,5.0,0.68,0.78,17,0,0.054505,0.050634,5.529412,0.411765,0.101906,0.0,0.985099,0.8,0.185099,0.812448,{'global': 17},16,0,0.0582,0.051748,5.75,0.4375,0.061937,0.0,0.95165,0.8,0.15165,0.827483,{'global': 16}
28,0.0540154,1.0,global,0.35,0.05,0.0,0.01,0.05,0.05,0.04,0.8,0.84,0.58,0.72,20.0,8.0,0.5,24.0,5.0,0.68,0.78,0.5,24.0,5.0,0.68,0.78,17,0,0.057141,0.051486,5.352941,0.941176,0.063235,0.0,0.982482,0.8,0.182482,0.813275,{'global': 17},16,0,0.060058,0.051748,5.75,0.4375,0.061937,0.0,0.95165,0.8,0.15165,0.827483,{'global': 16}
29,0.0540154,1.0,global,0.35,0.05,0.0,0.01,0.1,0.05,0.04,0.8,0.84,0.58,0.72,20.0,8.0,0.5,24.0,5.0,0.68,0.78,0.5,24.0,5.0,0.68,0.78,17,0,0.060303,0.051486,5.352941,0.941176,0.063235,0.0,0.982482,0.8,0.182482,0.813275,{'global': 17},16,0,0.062343,0.053876,6.0,0.5625,0.030969,0.0,0.951418,0.8,0.151418,0.83188,{'global': 16}
30,0.0540154,1.0,global,0.35,0.05,0.01,0.0,0.02,0.05,0.04,0.8,0.84,0.58,0.72,20.0,8.0,0.5,24.0,5.0,0.68,0.78,0.5,24.0,5.0,0.68,0.78,17,0,0.056744,0.051486,5.352941,0.941176,0.063235,0.0,0.982482,0.8,0.182482,0.813275,{'global': 17},16,0,0.060528,0.051748,5.75,0.4375,0.061937,0.0,0.95165,0.8,0.15165,0.827483,{'global': 16}
31,0.0540154,1.0,global,0.35,0.05,0.01,0.0,0.05,0.05,0.04,0.8,0.84,0.58,0.72,20.0,8.0,0.5,24.0,5.0,0.68,0.78,0.5,24.0,5.0,0.68,0.78,17,0,0.058641,0.051486,5.352941,0.941176,0.063235,0.0,0.982482,0.8,0.182482,0.813275,{'global': 17},16,0,0.062386,0.051748,5.75,0.4375,0.061937,0.0,0.95165,0.8,0.15165,0.827483,{'global': 16}
32,0.0540154,1.0,global,0.35,0.05,0.01,0.0,0.1,0.05,0.04,0.8,0.84,0.58,0.72,20.0,8.0,0.5,24.0,5.0,0.68,0.78,0.5,24.0,5.0,0.68,0.78,17,0,0.061803,0.051486,5.352941,0.941176,0.063235,0.0,0.982482,0.8,0.182482,0.813275,{'global': 17},16,0,0.064354,0.056656,6.0625,1.0625,0.0,0.0,0.950741,0.8,0.150741,0.836343,{'global': 16}
33,0.05471024,1.0,global,0.35,0.05,0.01,0.01,0.02,0.05,0.04,0.8,0.84,0.58,0.72,20.0,8.0,0.5,24.0,5.0,0.68,0.78,0.5,24.0,5.0,0.68,0.78,17,0,0.057269,0.050634,5.529412,0.411765,0.101906,0.0,0.985099,0.8,0.185099,0.812448,{'global': 17},16,0,0.061075,0.051748,5.75,0.4375,0.061937,0.0,0.95165,0.8,0.15165,0.827483,{'global': 16}
34,0.0540154,1.0,global,0.35,0.05,0.01,0.01,0.05,0.05,0.04,0.8,0.84,0.58,0.72,20.0,8.0,0.5,24.0,5.0,0.68,0.78,0.5,24.0,5.0,0.68,0.78,17,0,0.059818,0.051486,5.352941,0.941176,0.063235,0.0,0.982482,0.8,0.182482,0.813275,{'global': 17},16,0,0.062933,0.051748,5.75,0.4375,0.061937,0.0,0.95165,0.8,0.15165,0.827483,{'global': 16}
35,0.0540154,1.0,global,0.35,0.05,0.01,0.01,0.1,0.05,0.04,0.8,0.84,0.58,0.72,20.0,8.0,0.5,24.0,5.0,0.68,0.78,0.5,24.0,5.0,0.68,0.78,17,0,0.06298,0.051486,5.352941,0.941176,0.063235,0.0,0.982482,0.8,0.182482,0.813275,{'global': 17},16,0,0.065343,0.053876,6.0,0.5625,0.030969,0.0,0.951418,0.8,0.151418,0.83188,{'global': 16}
36,0.05568624,1.0,global,0.35,0.15,0.0,0.0,0.02,0.05,0.04,0.8,0.84,0.58,0.72,20.0,8.0,0.5,24.0,5.0,0.68,0.78,0.5,24.0,5.0,0.68,0.78,17,0,0.056404,0.05161,5.647059,0.411765,0.101906,0.0,0.983921,0.8,0.183921,0.820424,{'global': 17},16,0,0.058237,0.051748,5.75,0.4375,0.061937,0.0,0.95165,0.8,0.15165,0.827483,{'global': 16}
37,0.0549904,1.0,global,0.35,0.15,0.0,0.0,0.05,0.05,0.04,0.8,0.84,0.58,0.72,20.0,8.0,0.5,24.0,5.0,0.68,0.78,0.5,24.0,5.0,0.68,0.78,17,0,0.058379,0.052461,5.470588,0.941176,0.063235,0.0,0.981305,0.8,0.181305,0.82125,{'global': 17},16,0,0.060095,0.051748,5.75,0.4375,0.061937,0.0,0.95165,0.8,0.15165,0.827483,{'global': 16}
38,0.0549904,1.0,global,0.35,0.15,0.0,0.0,0.1,0.05,0.04,0.8,0.84,0.58,0.72,20.0,8.0,0.5,24.0,5.0,0.68,0.78,0.5,24.0,5.0,0.68,0.78,17,0,0.06154,0.052461,5.470588,0.941176,0.063235,0.0,0.981305,0.8,0.181305,0.82125,{'global': 17},16,0,0.061906,0.056656,6.0625,1.0625,0.0,0.0,0.950741,0.8,0.150741,0.836343,{'global': 16}
39,0.05568624,1.0,global,0.35,0.15,0.0,0.01,0.02,0.05,0.04,0.8,0.84,0.58,0.72,20.0,8.0,0.5,24.0,5.0,0.68,0.78,0.5,24.0,5.0,0.68,0.78,17,0,0.056918,0.05161,5.647059,0.411765,0.101906,0.0,0.983921,0.8,0.183921,0.820424,{'global': 17},16,0,0.058784,0.051748,5.75,0.4375,0.061937,0.0,0.95165,0.8,0.15165,0.827483,{'global': 16}
40,0.0549904,1.0,global,0.35,0.15,0.0,0.01,0.05,0.05,0.04,0.8,0.84,0.58,0.72,20.0,8.0,0.5,24.0,5.0,0.68,0.78,0.5,24.0,5.0,0.68,0.78,17,0,0.059555,0.052461,5.470588,0.941176,0.063235,0.0,0.981305,0.8,0.181305,0.82125,{'global': 17},16,0,0.060642,0.051748,5.75,0.4375,0.061937,0.0,0.95165,0.8,0.15165,0.827483,{'global': 16}
41,0.0549904,1.0,global,0.35,0.15,0.0,0.01,0.1,0.05,0.04,0.8,0.84,0.58,0.72,20.0,8.0,0.5,24.0,5.0,0.68,0.78,0.5,24.0,5.0,0.68,0.78,17,0,0.062717,0.052461,5.470588,0.941176,0.063235,0.0,0.981305,0.8,0.181305,0.82125,{'global': 17},16,0,0.062926,0.053876,6.0,0.5625,0.030969,0.0,0.951418,0.8,0.151418,0.83188,{'global': 16}
42,0.0549904,1.0,global,0.35,0.15,0.01,0.0,0.02,0.05,0.04,0.8,0.84,0.58,0.72,20.0,8.0,0.5,24.0,5.0,0.68,0.78,0.5,24.0,5.0,0.68,0.78,17,0,0.059217,0.052461,5.470588,0.941176,0.063235,0.0,0.981305,0.8,0.181305,0.82125,{'global': 17},16,0,0.061112,0.051748,5.75,0.4375,0.061937,0.0,0.95165,0.8,0.15165,0.827483,{'global': 16}
43,0.0549904,1.0,global,0.35,0.15,0.01,0.0,0.05,0.05,0.04,0.8,0.84,0.58,0.72,20.0,8.0,0.5,24.0,5.0,0.68,0.78,0.5,24.0,5.0,0.68,0.78,17,0,0.061114,0.052461,5.470588,0.941176,0.063235,0.0,0.981305,0.8,0.181305,0.82125,{'global': 17},16,0,0.06297,0.051748,5.75,0.4375,0.061937,0.0,0.95165,0.8,0.15165,0.827483,{'global': 16}
44,0.0549904,1.0,global,0.35,0.15,0.01,0.0,0.1,0.05,0.04,0.8,0.84,0.58,0.72,20.0,8.0,0.5,24.0,5.0,0.68,0.78,0.5,24.0,5.0,0.68,0.78,17,0,0.064276,0.052461,5.470588,0.941176,0.063235,0.0,0.981305,0.8,0.181305,0.82125,{'global': 17},16,0,0.064937,0.056656,6.0625,1.0625,0.0,0.0,0.950741,0.8,0.150741,0.836343,{'global': 16}
45,0.05568624,1.0,global,0.35,0.15,0.01,0.01,0.02,0.05,0.04,0.8,0.84,0.58,0.72,20.0,8.0,0.5,24.0,5.0,0.68,0.78,0.5,24.0,5.0,0.68,0.78,17,0,0.059742,0.05161,5.647059,0.411765,0.101906,0.0,0.983921,0.8,0.183921,0.820424,{'global': 17},16,0,0.061659,0.051748,5.75,0.4375,0.061937,0.0,0.95165,0.8,0.15165,0.827483,{'global': 16}
46,0.0549904,1.0,global,0.35,0.15,0.01,0.01,0.05,0.05,0.04,0.8,0.84,0.58,0.72,20.0,8.0,0.5,24.0,5.0,0.68,0.78,0.5,24.0,5.0,0.68,0.78,17,0,0.06229,0.052461,5.470588,0.941176,0.063235,0.0,0.981305,0.8,0.181305,0.82125,{'global': 17},16,0,0.063517,0.051748,5.75,0.4375,0.061937,0.0,0.95165,0.8,0.15165,0.827483,{'global': 16}
47,0.0549904,1.0,global,0.35,0.15,0.01,0.01,0.1,0.05,0.04,0.8,0.84,0.58,0.72,20.0,8.0,0.5,24.0,5.0,0.68,0.78,0.5,24.0,5.0,0.68,0.78,17,0,0.065452,0.052461,5.470588,0.941176,0.063235,0.0,0.981305,0.8,0.181305,0.82125,{'global': 17},16,0,0.065926,0.053876,6.0,0.5625,0.030969,0.0,0.951418,0.8,0.151418,0.83188,{'global': 16}
48,0.05471024,1.0,global,0.5,0.05,0.0,0.0,0.02,0.05,0.04,0.8,0.84,0.58,0.72,20.0,8.0,0.5,24.0,5.0,0.68,0.78,0.5,24.0,5.0,0.68,0.78,17,0,0.05399,0.050634,5.529412,0.411765,0.101906,0.0,0.985099,0.8,0.185099,0.812448,{'global': 17},16,0,0.059035,0.054726,6.0625,0.5,0.061937,0.0,0.970879,0.8,0.170879,0.825305,{'global': 16}
49,0.0540154,1.0,global,0.5,0.05,0.0,0.0,0.05,0.05,0.04,0.8,0.84,0.58,0.72,20.0,8.0,0.5,24.0,5.0,0.68,0.78,0.5,24.0,5.0,0.68,0.78,17,0,0.055965,0.051486,5.352941,0.941176,0.063235,0.0,0.982482,0.8,0.182482,0.813275,{'global': 17},16,0,0.060893,0.054726,6.0625,0.5,0.061937,0.0,0.970879,0.8,0.170879,0.825305,{'global': 16}
50,0.0540154,1.0,global,0.5,0.05,0.0,0.0,0.1,0.05,0.04,0.8,0.84,0.58,0.72,20.0,8.0,0.5,24.0,5.0,0.68,0.78,0.5,24.0,5.0,0.68,0.78,17,0,0.059127,0.051486,5.352941,0.941176,0.063235,0.0,0.982482,0.8,0.182482,0.813275,{'global': 17},16,0,0.062705,0.059634,6.375,1.125,0.0,0.0,0.96997,0.8,0.16997,0.834166,{'global': 16}
51,0.05471024,1.0,global,0.5,0.05,0.0,0.01,0.02,0.05,0.04,0.8,0.84,0.58,0.72,20.0,8.0,0.5,24.0,5.0,0.68,0.78,0.5,24.0,5.0,0.68,0.78,17,0,0.054505,0.050634,5.529412,0.411765,0.101906,0.0,0.985099,0.8,0.185099,0.812448,{'global': 17},16,0,0.05966,0.054726,6.0625,0.5,0.061937,0.0,0.970879,0.8,0.170879,0.825305,{'global': 16}
52,0.0540154,1.0,global,0.5,0.05,0.0,0.01,0.05,0.05,0.04,0.8,0.84,0.58,0.72,20.0,8.0,0.5,24.0,5.0,0.68,0.78,0.5,24.0,5.0,0.68,0.78,17,0,0.057141,0.051486,5.352941,0.941176,0.063235,0.0,0.982482,0.8,0.182482,0.813275,{'global': 17},16,0,0.061518,0.054726,6.0625,0.5,0.061937,0.0,0.970879,0.8,0.170879,0.825305,{'global': 16}
53,0.0540154,1.0,global,0.5,0.05,0.0,0.01,0.1,0.05,0.04,0.8,0.84,0.58,0.72,20.0,8.0,0.5,24.0,5.0,0.68,0.78,0.5,24.0,5.0,0.68,0.78,17,0,0.060303,0.051486,5.352941,0.941176,0.063235,0.0,0.982482,0.8,0.182482,0.813275,{'global': 17},16,0,0.063803,0.056855,6.3125,0.625,0.030969,0.0,0.970647,0.8,0.170647,0.829703,{'global': 16}
54,0.0540154,1.0,global,0.5,0.05,0.01,0.0,0.02,0.05,0.04,0.8,0.84,0.58,0.72,20.0,8.0,0.5,24.0,5.0,0.68,0.78,0.5,24.0,5.0,0.68,0.78,17,0,0.056744,0.051486,5.352941,0.941176,0.063235,0.0,0.982482,0.8,0.182482,0.813275,{'global': 17},16,0,0.062066,0.054726,6.0625,0.5,0.061937,0.0,0.970879,0.8,0.170879,0.825305,{'global': 16}
55,0.0540154,1.0,global,0.5,0.05,0.01,0.0,0.05,0.05,0.04,0.8,0.84,0.58,0.72,20.0,8.0,0.5,24.0,5.0,0.68,0.78,0.5,24.0,5.0,0.68,0.78,17,0,0.058641,0.051486,5.352941,0.941176,0.063235,0.0,0.982482,0.8,0.182482,0.813275,{'global': 17},16,0,0.063925,0.054726,6.0625,0.5,0.061937,0.0,0.970879,0.8,0.170879,0.825305,{'global': 16}
56,0.0540154,1.0,global,0.5,0.05,0.01,0.0,0.1,0.05,0.04,0.8,0.84,0.58,0.72,20.0,8.0,0.5,24.0,5.0,0.68,0.78,0.5,24.0,5.0,0.68,0.78,17,0,0.061803,0.051486,5.352941,0.941176,0.063235,0.0,0.982482,0.8,0.182482,0.813275,{'global': 17},16,0,0.065892,0.059634,6.375,1.125,0.0,0.0,0.96997,0.8,0.16997,0.834166,{'global': 16}
57,0.05471024,1.0,global,0.5,0.05,0.01,0.01,0.02,0.05,0.04,0.8,0.84,0.58,0.72,20.0,8.0,0.5,24.0,5.0,0.68,0.78,0.5,24.0,5.0,0.68,0.78,17,0,0.057269,0.050634,5.529412,0.411765,0.101906,0.0,0.985099,0.8,0.185099,0.812448,{'global': 17},16,0,0.062691,0.054726,6.0625,0.5,0.061937,0.0,0.970879,0.8,0.170879,0.825305,{'global': 16}
58,0.0540154,1.0,global,0.5,0.05,0.01,0.01,0.05,0.05,0.04,0.8,0.84,0.58,0.72,20.0,8.0,0.5,24.0,5.0,0.68,0.78,0.5,24.0,5.0,0.68,0.78,17,0,0.059818,0.051486,5.352941,0.941176,0.063235,0.0,0.982482,0.8,0.182482,0.813275,{'global': 17},16,0,0.06455,0.054726,6.0625,0.5,0.061937,0.0,0.970879,0.8,0.170879,0.825305,{'global': 16}
59,0.0540154,1.0,global,0.5,0.05,0.01,0.01,0.1,0.05,0.04,0.8,0.84,0.58,0.72,20.0,8.0,0.5,24.0,5.0,0.68,0.78,0.5,24.0,5.0,0.68,0.78,17,0,0.06298,0.051486,5.352941,0.941176,0.063235,0.0,0.982482,0.8,0.182482,0.813275,{'global': 17},16,0,0.066959,0.056855,6.3125,0.625,0.030969,0.0,0.970647,0.8,0.170647,0.829703,{'global': 16}
60,0.05568624,1.0,global,0.5,0.15,0.0,0.0,0.02,0.05,0.04,0.8,0.84,0.58,0.72,20.0,8.0,0.5,24.0,5.0,0.68,0.78,0.5,24.0,5.0,0.68,0.78,17,0,0.056404,0.05161,5.647059,0.411765,0.101906,0.0,0.983921,0.8,0.183921,0.820424,{'global': 17},16,0,0.059619,0.054726,6.0625,0.5,0.061937,0.0,0.970879,0.8,0.170879,0.825305,{'global': 16}
61,0.0549904,1.0,global,0.5,0.15,0.0,0.0,0.05,0.05,0.04,0.8,0.84,0.58,0.72,20.0,8.0,0.5,24.0,5.0,0.68,0.78,0.5,24.0,5.0,0.68,0.78,17,0,0.058379,0.052461,5.470588,0.941176,0.063235,0.0,0.981305,0.8,0.181305,0.82125,{'global': 17},16,0,0.061477,0.054726,6.0625,0.5,0.061937,0.0,0.970879,0.8,0.170879,0.825305,{'global': 16}
62,0.0549904,1.0,global,0.5,0.15,0.0,0.0,0.1,0.05,0.04,0.8,0.84,0.58,0.72,20.0,8.0,0.5,24.0,5.0,0.68,0.78,0.5,24.0,5.0,0.68,0.78,17,0,0.06154,0.052461,5.470588,0.941176,0.063235,0.0,0.981305,0.8,0.181305,0.82125,{'global': 17},16,0,0.063288,0.059634,6.375,1.125,0.0,0.0,0.96997,0.8,0.16997,0.834166,{'global': 16}
63,0.05568624,1.0,global,0.5,0.15,0.0,0.01,0.02,0.05,0.04,0.8,0.84,0.58,0.72,20.0,8.0,0.5,24.0,5.0,0.68,0.78,0.5,24.0,5.0,0.68,0.78,17,0,0.056918,0.05161,5.647059,0.411765,0.101906,0.0,0.983921,0.8,0.183921,0.820424,{'global': 17},16,0,0.060244,0.054726,6.0625,0.5,0.061937,0.0,0.970879,0.8,0.170879,0.825305,{'global': 16}
64,0.0549904,1.0,global,0.5,0.15,0.0,0.01,0.05,0.05,0.04,0.8,0.84,0.58,0.72,20.0,8.0,0.5,24.0,5.0,0.68,0.78,0.5,24.0,5.0,0.68,0.78,17,0,0.059555,0.052461,5.470588,0.941176,0.063235,0.0,0.981305,0.8,0.181305,0.82125,{'global': 17},16,0,0.062102,0.054726,6.0625,0.5,0.061937,0.0,0.970879,0.8,0.170879,0.825305,{'global': 16}
65,0.0549904,1.0,global,0.5,0.15,0.0,0.01,0.1,0.05,0.04,0.8,0.84,0.58,0.72,20.0,8.0,0.5,24.0,5.0,0.68,0.78,0.5,24.0,5.0,0.68,0.78,17,0,0.062717,0.052461,5.470588,0.941176,0.063235,0.0,0.981305,0.8,0.181305,0.82125,{'global': 17},16,0,0.064387,0.056855,6.3125,0.625,0.030969,0.0,0.970647,0.8,0.170647,0.829703,{'global': 16}
66,0.0549904,1.0,global,0.5,0.15,0.01,0.0,0.02,0.05,0.04,0.8,0.84,0.58,0.72,20.0,8.0,0.5,24.0,5.0,0.68,0.78,0.5,24.0,5.0,0.68,0.78,17,0,0.059217,0.052461,5.470588,0.941176,0.063235,0.0,0.981305,0.8,0.181305,0.82125,{'global': 17},16,0,0.06265,0.054726,6.0625,0.5,0.061937,0.0,0.970879,0.8,0.170879,0.825305,{'global': 16}
67,0.0549904,1.0,global,0.5,0.15,0.01,0.0,0.05,0.05,0.04,0.8,0.84,0.58,0.72,20.0,8.0,0.5,24.0,5.0,0.68,0.78,0.5,24.0,5.0,0.68,0.78,17,0,0.061114,0.052461,5.470588,0.941176,0.063235,0.0,0.981305,0.8,0.181305,0.82125,{'global': 17},16,0,0.064508,0.054726,6.0625,0.5,0.061937,0.0,0.970879,0.8,0.170879,0.825305,{'global': 16}
68,0.0549904,1.0,global,0.5,0.15,0.01,0.0,0.1,0.05,0.04,0.8,0.84,0.58,0.72,20.0,8.0,0.5,24.0,5.0,0.68,0.78,0.5,24.0,5.0,0.68,0.78,17,0,0.064276,0.052461,5.470588,0.941176,0.063235,0.0,0.981305,0.8,0.181305,0.82125,{'global': 17},16,0,0.066476,0.059634,6.375,1.125,0.0,0.0,0.96997,0.8,0.16997,0.834166,{'global': 16}
69,0.05568624,1.0,global,0.5,0.15,0.01,0.01,0.02,0.05,0.04,0.8,0.84,0.58,0.72,20.0,8.0,0.5,24.0,5.0,0.68,0.78,0.5,24.0,5.0,0.68,0.78,17,0,0.059742,0.05161,5.647059,0.411765,0.101906,0.0,0.983921,0.8,0.183921,0.820424,{'global': 17},16,0,0.063275,0.054726,6.0625,0.5,0.061937,0.0,0.970879,0.8,0.170879,0.825305,{'global': 16}
70,0.0549904,1.0,global,0.5,0.15,0.01,0.01,0.05,0.05,0.04,0.8,0.84,0.58,0.72,20.0,8.0,0.5,24.0,5.0,0.68,0.78,0.5,24.0,5.0,0.68,0.78,17,0,0.06229,0.052461,5.470588,0.941176,0.063235,0.0,0.981305,0.8,0.181305,0.82125,{'global': 17},16,0,0.065133,0.054726,6.0625,0.5,0.061937,0.0,0.970879,0.8,0.170879,0.825305,{'global': 16}
71,0.0549904,1.0,global,0.5,0.15,0.01,0.01,0.1,0.05,0.04,0.8,0.84,0.58,0.72,20.0,8.0,0.5,24.0,5.0,0.68,0.78,0.5,24.0,5.0,0.68,0.78,17,0,0.065452,0.052461,5.470588,0.941176,0.063235,0.0,0.981305,0.8,0.181305,0.82125,{'global': 17},16,0,0.067543,0.056855,6.3125,0.625,0.030969,0.0,0.970647,0.8,0.170647,0.829703,{'global': 16}
72,0.05471024,1.0,public_soft,0.2,0.05,0.0,0.0,0.02,0.05,0.04,0.8,0.84,0.58,0.72,20.0,8.0,0.5,24.0,5.0,0.68,0.78,0.5,24.0,5.0,0.68,0.78,17,0,0.05399,0.050634,5.529412,0.411765,0.101906,0.0,0.985099,0.697059,0.28804,0.812448,{'public_soft': 17},16,0,0.054912,0.051743,5.75,0.4375,0.061937,0.0,0.927451,0.70625,0.221201,0.837755,{'public_soft': 16}
73,0.0540154,1.0,public_soft,0.2,0.05,0.0,0.0,0.05,0.05,0.04,0.8,0.84,0.58,0.72,20.0,8.0,0.5,24.0,5.0,0.68,0.78,0.5,24.0,5.0,0.68,0.78,17,0,0.055965,0.051486,5.352941,0.941176,0.063235,0.0,0.982482,0.697059,0.285423,0.813275,{'public_soft': 17},16,0,0.05677,0.051743,5.75,0.4375,0.061937,0.0,0.927451,0.70625,0.221201,0.837755,{'public_soft': 16}
74,0.0540154,1.0,public_soft,0.2,0.05,0.0,0.0,0.1,0.05,0.04,0.8,0.84,0.58,0.72,20.0,8.0,0.5,24.0,5.0,0.68,0.78,0.5,24.0,5.0,0.68,0.78,17,0,0.059127,0.051486,5.352941,0.941176,0.063235,0.0,0.982482,0.697059,0.285423,0.813275,{'public_soft': 17},16,0,0.058581,0.056651,6.0625,1.0625,0.0,0.0,0.926542,0.70625,0.220292,0.846615,{'public_soft': 16}
75,0.05471024,1.0,public_soft,0.2,0.05,0.0,0.01,0.02,0.05,0.04,0.8,0.84,0.58,0.72,20.0,8.0,0.5,24.0,5.0,0.68,0.78,0.5,24.0,5.0,0.68,0.78,17,0,0.054505,0.050634,5.529412,0.411765,0.101906,0.0,0.985099,0.697059,0.28804,0.812448,{'public_soft': 17},16,0,0.055459,0.051743,5.75,0.4375,0.061937,0.0,0.927451,0.70625,0.221201,0.837755,{'public_soft': 16}
76,0.0540154,1.0,public_soft,0.2,0.05,0.0,0.01,0.05,0.05,0.04,0.8,0.84,0.58,0.72,20.0,8.0,0.5,24.0,5.0,0.68,0.78,0.5,24.0,5.0,0.68,0.78,17,0,0.057141,0.051486,5.352941,0.941176,0.063235,0.0,0.982482,0.697059,0.285423,0.813275,{'public_soft': 17},16,0,0.057317,0.051743,5.75,0.4375,0.061937,0.0,0.927451,0.70625,0.221201,0.837755,{'public_soft': 16}
77,0.0540154,1.0,public_soft,0.2,0.05,0.0,0.01,0.1,0.05,0.04,0.8,0.84,0.58,0.72,20.0,8.0,0.5,24.0,5.0,0.68,0.78,0.5,24.0,5.0,0.68,0.78,17,0,0.060303,0.051486,5.352941,0.941176,0.063235,0.0,0.982482,0.697059,0.285423,0.813275,{'public_soft': 17},16,0,0.059602,0.053871,6.0,0.5625,0.030969,0.0,0.927219,0.70625,0.220969,0.842152,{'public_soft': 16}
78,0.0540154,1.0,public_soft,0.2,0.05,0.01,0.0,0.02,0.05,0.04,0.8,0.84,0.58,0.72,20.0,8.0,0.5,24.0,5.0,0.68,0.78,0.5,24.0,5.0,0.68,0.78,17,0,0.056744,0.051486,5.352941,0.941176,0.063235,0.0,0.982482,0.697059,0.285423,0.813275,{'public_soft': 17},16,0,0.057787,0.051743,5.75,0.4375,0.061937,0.0,0.927451,0.70625,0.221201,0.837755,{'public_soft': 16}
79,0.0540154,1.0,public_soft,0.2,0.05,0.01,0.0,0.05,0.05,0.04,0.8,0.84,0.58,0.72,20.0,8.0,0.5,24.0,5.0,0.68,0.78,0.5,24.0,5.0,0.68,0.78,17,0,0.058641,0.051486,5.352941,0.941176,0.063235,0.0,0.982482,0.697059,0.285423,0.813275,{'public_soft': 17},16,0,0.059645,0.051743,5.75,0.4375,0.061937,0.0,0.927451,0.70625,0.221201,0.837755,{'public_soft': 16}
80,0.0540154,1.0,public_soft,0.2,0.05,0.01,0.0,0.1,0.05,0.04,0.8,0.84,0.58,0.72,20.0,8.0,0.5,24.0,5.0,0.68,0.78,0.5,24.0,5.0,0.68,0.78,17,0,0.061803,0.051486,5.352941,0.941176,0.063235,0.0,0.982482,0.697059,0.285423,0.813275,{'public_soft': 17},16,0,0.061613,0.056651,6.0625,1.0625,0.0,0.0,0.926542,0.70625,0.220292,0.846615,{'public_soft': 16}
81,0.05471024,1.0,public_soft,0.2,0.05,0.01,0.01,0.02,0.05,0.04,0.8,0.84,0.58,0.72,20.0,8.0,0.5,24.0,5.0,0.68,0.78,0.5,24.0,5.0,0.68,0.78,17,0,0.057269,0.050634,5.529412,0.411765,0.101906,0.0,0.985099,0.697059,0.28804,0.812448,{'public_soft': 17},16,0,0.058334,0.051743,5.75,0.4375,0.061937,0.0,0.927451,0.70625,0.221201,0.837755,{'public_soft': 16}
82,0.0540154,1.0,public_soft,0.2,0.05,0.01,0.01,0.05,0.05,0.04,0.8,0.84,0.58,0.72,20.0,8.0,0.5,24.0,5.0,0.68,0.78,0.5,24.0,5.0,0.68,0.78,17,0,0.059818,0.051486,5.352941,0.941176,0.063235,0.0,0.982482,0.697059,0.285423,0.813275,{'public_soft': 17},16,0,0.060192,0.051743,5.75,0.4375,0.061937,0.0,0.927451,0.70625,0.221201,0.837755,{'public_soft': 16}
83,0.0540154,1.0,public_soft,0.2,0.05,0.01,0.01,0.1,0.05,0.04,0.8,0.84,0.58,0.72,20.0,8.0,0.5,24.0,5.0,0.68,0.78,0.5,24.0,5.0,0.68,0.78,17,0,0.06298,0.051486,5.352941,0.941176,0.063235,0.0,0.982482,0.697059,0.285423,0.813275,{'public_soft': 17},16,0,0.062602,0.053871,6.0,0.5625,0.030969,0.0,0.927219,0.70625,0.220969,0.842152,{'public_soft': 16}
84,0.05568624,1.0,public_soft,0.2,0.15,0.0,0.0,0.02,0.05,0.04,0.8,0.84,0.58,0.72,20.0,8.0,0.5,24.0,5.0,0.68,0.78,0.5,24.0,5.0,0.68,0.78,17,0,0.056404,0.05161,5.647059,0.411765,0.101906,0.0,0.983921,0.697059,0.286862,0.820424,{'public_soft': 17},16,0,0.055495,0.051743,5.75,0.4375,0.061937,0.0,0.927451,0.70625,0.221201,0.837755,{'public_soft': 16}
85,0.0549904,1.0,public_soft,0.2,0.15,0.0,0.0,0.05,0.05,0.04,0.8,0.84,0.58,0.72,20.0,8.0,0.5,24.0,5.0,0.68,0.78,0.5,24.0,5.0,0.68,0.78,17,0,0.058379,0.052461,5.470588,0.941176,0.063235,0.0,0.981305,0.697059,0.284246,0.82125,{'public_soft': 17},16,0,0.057354,0.051743,5.75,0.4375,0.061937,0.0,0.927451,0.70625,0.221201,0.837755,{'public_soft': 16}
86,0.0549904,1.0,public_soft,0.2,0.15,0.0,0.0,0.1,0.05,0.04,0.8,0.84,0.58,0.72,20.0,8.0,0.5,24.0,5.0,0.68,0.78,0.5,24.0,5.0,0.68,0.78,17,0,0.06154,0.052461,5.470588,0.941176,0.063235,0.0,0.981305,0.697059,0.284246,0.82125,{'public_soft': 17},16,0,0.059165,0.056651,6.0625,1.0625,0.0,0.0,0.926542,0.70625,0.220292,0.846615,{'public_soft': 16}
87,0.05568624,1.0,public_soft,0.2,0.15,0.0,0.01,0.02,0.05,0.04,0.8,0.84,0.58,0.72,20.0,8.0,0.5,24.0,5.0,0.68,0.78,0.5,24.0,5.0,0.68,0.78,17,0,0.056918,0.05161,5.647059,0.411765,0.101906,0.0,0.983921,0.697059,0.286862,0.820424,{'public_soft': 17},16,0,0.056042,0.051743,5.75,0.4375,0.061937,0.0,0.927451,0.70625,0.221201,0.837755,{'public_soft': 16}
88,0.0549904,1.0,public_soft,0.2,0.15,0.0,0.01,0.05,0.05,0.04,0.8,0.84,0.58,0.72,20.0,8.0,0.5,24.0,5.0,0.68,0.78,0.5,24.0,5.0,0.68,0.78,17,0,0.059555,0.052461,5.470588,0.941176,0.063235,0.0,0.981305,0.697059,0.284246,0.82125,{'public_soft': 17},16,0,0.0579,0.051743,5.75,0.4375,0.061937,0.0,0.927451,0.70625,0.221201,0.837755,{'public_soft': 16}
89,0.0549904,1.0,public_soft,0.2,0.15,0.0,0.01,0.1,0.05,0.04,0.8,0.84,0.58,0.72,20.0,8.0,0.5,24.0,5.0,0.68,0.78,0.5,24.0,5.0,0.68,0.78,17,0,0.062717,0.052461,5.470588,0.941176,0.063235,0.0,0.981305,0.697059,0.284246,0.82125,{'public_soft': 17},16,0,0.060185,0.053871,6.0,0.5625,0.030969,0.0,0.927219,0.70625,0.220969,0.842152,{'public_soft': 16}
90,0.0549904,1.0,public_soft,0.2,0.15,0.01,0.0,0.02,0.05,0.04,0.8,0.84,0.58,0.72,20.0,8.0,0.5,24.0,5.0,0.68,0.78,0.5,24.0,5.0,0.68,0.78,17,0,0.059217,0.052461,5.470588,0.941176,0.063235,0.0,0.981305,0.697059,0.284246,0.82125,{'public_soft': 17},16,0,0.05837,0.051743,5.75,0.4375,0.061937,0.0,0.927451,0.70625,0.221201,0.837755,{'public_soft': 16}
91,0.0549904,1.0,public_soft,0.2,0.15,0.01,0.0,0.05,0.05,0.04,0.8,0.84,0.58,0.72,20.0,8.0,0.5,24.0,5.0,0.68,0.78,0.5,24.0,5.0,0.68,0.78,17,0,0.061114,0.052461,5.470588,0.941176,0.063235,0.0,0.981305,0.697059,0.284246,0.82125,{'public_soft': 17},16,0,0.060229,0.051743,5.75,0.4375,0.061937,0.0,0.927451,0.70625,0.221201,0.837755,{'public_soft': 16}
92,0.0549904,1.0,public_soft,0.2,0.15,0.01,0.0,0.1,0.05,0.04,0.8,0.84,0.58,0.72,20.0,8.0,0.5,24.0,5.0,0.68,0.78,0.5,24.0,5.0,0.68,0.78,17,0,0.064276,0.052461,5.470588,0.941176,0.063235,0.0,0.981305,0.697059,0.284246,0.82125,{'public_soft': 17},16,0,0.062196,0.056651,6.0625,1.0625,0.0,0.0,0.926542,0.70625,0.220292,0.846615,{'public_soft': 16}
93,0.05568624,1.0,public_soft,0.2,0.15,0.01,0.01,0.02,0.05,0.04,0.8,0.84,0.58,0.72,20.0,8.0,0.5,24.0,5.0,0.68,0.78,0.5,24.0,5.0,0.68,0.78,17,0,0.059742,0.05161,5.647059,0.411765,0.101906,0.0,0.983921,0.697059,0.286862,0.820424,{'public_soft': 17},16,0,0.058917,0.051743,5.75,0.4375,0.061937,0.0,0.927451,0.70625,0.221201,0.837755,{'public_soft': 16}
94,0.0549904,1.0,public_soft,0.2,0.15,0.01,0.01,0.05,0.05,0.04,0.8,0.84,0.58,0.72,20.0,8.0,0.5,24.0,5.0,0.68,0.78,0.5,24.0,5.0,0.68,0.78,17,0,0.06229,0.052461,5.470588,0.941176,0.063235,0.0,0.981305,0.697059,0.284246,0.82125,{'public_soft': 17},16,0,0.060775,0.051743,5.75,0.4375,0.061937,0.0,0.927451,0.70625,0.221201,0.837755,{'public_soft': 16}
95,0.0549904,1.0,public_soft,0.2,0.15,0.01,0.01,0.1,0.05,0.04,0.8,0.84,0.58,0.72,20.0,8.0,0.5,24.0,5.0,0.68,0.78,0.5,24.0,5.0,0.68,0.78,17,0,0.065452,0.052461,5.470588,0.941176,0.063235,0.0,0.981305,0.697059,0.284246,0.82125,{'public_soft': 17},16,0,0.063185,0.053871,6.0,0.5625,0.030969,0.0,0.927219,0.70625,0.220969,0.842152,{'public_soft': 16}
96,0.05471024,1.0,public_soft,0.35,0.05,0.0,0.0,0.02,0.05,0.04,0.8,0.84,0.58,0.72,20.0,8.0,0.5,24.0,5.0,0.68,0.78,0.5,24.0,5.0,0.68,0.78,17,0,0.05399,0.050634,5.529412,0.411765,0.101906,0.0,0.985099,0.697059,0.28804,0.812448,{'public_soft': 17},16,0,0.056141,0.051743,5.75,0.4375,0.061937,0.0,0.927451,0.70625,0.221201,0.837755,{'public_soft': 16}
97,0.0540154,1.0,public_soft,0.35,0.05,0.0,0.0,0.05,0.05,0.04,0.8,0.84,0.58,0.72,20.0,8.0,0.5,24.0,5.0,0.68,0.78,0.5,24.0,5.0,0.68,0.78,17,0,0.055965,0.051486,5.352941,0.941176,0.063235,0.0,0.982482,0.697059,0.285423,0.813275,{'public_soft': 17},16,0,0.057999,0.051743,5.75,0.4375,0.061937,0.0,0.927451,0.70625,0.221201,0.837755,{'public_soft': 16}
98,0.0540154,1.0,public_soft,0.35,0.05,0.0,0.0,0.1,0.05,0.04,0.8,0.84,0.58,0.72,20.0,8.0,0.5,24.0,5.0,0.68,0.78,0.5,24.0,5.0,0.68,0.78,17,0,0.059127,0.051486,5.352941,0.941176,0.063235,0.0,0.982482,0.697059,0.285423,0.813275,{'public_soft': 17},16,0,0.05981,0.056651,6.0625,1.0625,0.0,0.0,0.926542,0.70625,0.220292,0.846615,{'public_soft': 16}
99,0.05471024,1.0,public_soft,0.35,0.05,0.0,0.01,0.02,0.05,0.04,0.8,0.84,0.58,0.72,20.0,8.0,0.5,24.0,5.0,0.68,0.78,0.5,24.0,5.0,0.68,0.78,17,0,0.054505,0.050634,5.529412,0.411765,0.101906,0.0,0.985099,0.697059,0.28804,0.812448,{'public_soft': 17},16,0,0.056688,0.051743,5.75,0.4375,0.061937,0.0,0.927451,0.70625,0.221201,0.837755,{'public_soft': 16}
100,0.0540154,1.0,public_soft,0.35,0.05,0.0,0.01,0.05,0.05,0.04,0.8,0.84,0.58,0.72,20.0,8.0,0.5,24.0,5.0,0.68,0.78,0.5,24.0,5.0,0.68,0.78,17,0,0.057141,0.051486,5.352941,0.941176,0.063235,0.0,0.982482,0.697059,0.285423,0.813275,{'public_soft': 17},16,0,0.058546,0.051743,5.75,0.4375,0.061937,0.0,0.927451,0.70625,0.221201,0.837755,{'public_soft': 16}
101,0.0540154,1.0,public_soft,0.35,0.05,0.0,0.01,0.1,0.05,0.04,0.8,0.84,0.58,0.72,20.0,8.0,0.5,24.0,5.0,0.68,0.78,0.5,24.0,5.0,0.68,0.78,17,0,0.060303,0.051486,5.352941,0.941176,0.063235,0.0,0.982482,0.697059,0.285423,0.813275,{'public_soft': 17},16,0,0.060831,0.053871,6.0,0.5625,0.030969,0.0,0.927219,0.70625,0.220969,0.842152,{'public_soft': 16}
102,0.0540154,1.0,public_soft,0.35,0.05,0.01,0.0,0.02,0.05,0.04,0.8,0.84,0.58,0.72,20.0,8.0,0.5,24.0,5.0,0.68,0.78,0.5,24.0,5.0,0.68,0.78,17,0,0.056744,0.051486,5.352941,0.941176,0.063235,0.0,0.982482,0.697059,0.285423,0.813275,{'public_soft': 17},16,0,0.059016,0.051743,5.75,0.4375,0.061937,0.0,0.927451,0.70625,0.221201,0.837755,{'public_soft': 16}
103,0.0540154,1.0,public_soft,0.35,0.05,0.01,0.0,0.05,0.05,0.04,0.8,0.84,0.58,0.72,20.0,8.0,0.5,24.0,5.0,0.68,0.78,0.5,24.0,5.0,0.68,0.78,17,0,0.058641,0.051486,5.352941,0.941176,0.063235,0.0,0.982482,0.697059,0.285423,0.813275,{'public_soft': 17},16,0,0.060874,0.051743,5.75,0.4375,0.061937,0.0,0.927451,0.70625,0.221201,0.837755,{'public_soft': 16}
104,0.0540154,1.0,public_soft,0.35,0.05,0.01,0.0,0.1,0.05,0.04,0.8,0.84,0.58,0.72,20.0,8.0,0.5,24.0,5.0,0.68,0.78,0.5,24.0,5.0,0.68,0.78,17,0,0.061803,0.051486,5.352941,0.941176,0.063235,0.0,0.982482,0.697059,0.285423,0.813275,{'public_soft': 17},16,0,0.062841,0.056651,6.0625,1.0625,0.0,0.0,0.926542,0.70625,0.220292,0.846615,{'public_soft': 16}
105,0.05471024,1.0,public_soft,0.35,0.05,0.01,0.01,0.02,0.05,0.04,0.8,0.84,0.58,0.72,20.0,8.0,0.5,24.0,5.0,0.68,0.78,0.5,24.0,5.0,0.68,0.78,17,0,0.057269,0.050634,5.529412,0.411765,0.101906,0.0,0.985099,0.697059,0.28804,0.812448,{'public_soft': 17},16,0,0.059563,0.051743,5.75,0.4375,0.061937,0.0,0.927451,0.70625,0.221201,0.837755,{'public_soft': 16}
106,0.0540154,1.0,public_soft,0.35,0.05,0.01,0.01,0.05,0.05,0.04,0.8,0.84,0.58,0.72,20.0,8.0,0.5,24.0,5.0,0.68,0.78,0.5,24.0,5.0,0.68,0.78,17,0,0.059818,0.051486,5.352941,0.941176,0.063235,0.0,0.982482,0.697059,0.285423,0.813275,{'public_soft': 17},16,0,0.061421,0.051743,5.75,0.4375,0.061937,0.0,0.927451,0.70625,0.221201,0.837755,{'public_soft': 16}
107,0.0540154,1.0,public_soft,0.35,0.05,0.01,0.01,0.1,0.05,0.04,0.8,0.84,0.58,0.72,20.0,8.0,0.5,24.0,5.0,0.68,0.78,0.5,24.0,5.0,0.68,0.78,17,0,0.06298,0.051486,5.352941,0.941176,0.063235,0.0,0.982482,0.697059,0.285423,0.813275,{'public_soft': 17},16,0,0.063831,0.053871,6.0,0.5625,0.030969,0.0,0.927219,0.70625,0.220969,0.842152,{'public_soft': 16}
108,0.05568624,1.0,public_soft,0.35,0.15,0.0,0.0,0.02,0.05,0.04,0.8,0.84,0.58,0.72,20.0,8.0,0.5,24.0,5.0,0.68,0.78,0.5,24.0,5.0,0.68,0.78,17,0,0.056404,0.05161,5.647059,0.411765,0.101906,0.0,0.983921,0.697059,0.286862,0.820424,{'public_soft': 17},16,0,0.056724,0.051743,5.75,0.4375,0.061937,0.0,0.927451,0.70625,0.221201,0.837755,{'public_soft': 16}
109,0.0549904,1.0,public_soft,0.35,0.15,0.0,0.0,0.05,0.05,0.04,0.8,0.84,0.58,0.72,20.0,8.0,0.5,24.0,5.0,0.68,0.78,0.5,24.0,5.0,0.68,0.78,17,0,0.058379,0.052461,5.470588,0.941176,0.063235,0.0,0.981305,0.697059,0.284246,0.82125,{'public_soft': 17},16,0,0.058583,0.051743,5.75,0.4375,0.061937,0.0,0.927451,0.70625,0.221201,0.837755,{'public_soft': 16}
110,0.0549904,1.0,public_soft,0.35,0.15,0.0,0.0,0.1,0.05,0.04,0.8,0.84,0.58,0.72,20.0,8.0,0.5,24.0,5.0,0.68,0.78,0.5,24.0,5.0,0.68,0.78,17,0,0.06154,0.052461,5.470588,0.941176,0.063235,0.0,0.981305,0.697059,0.284246,0.82125,{'public_soft': 17},16,0,0.060394,0.056651,6.0625,1.0625,0.0,0.0,0.926542,0.70625,0.220292,0.846615,{'public_soft': 16}
111,0.05568624,1.0,public_soft,0.35,0.15,0.0,0.01,0.02,0.05,0.04,0.8,0.84,0.58,0.72,20.0,8.0,0.5,24.0,5.0,0.68,0.78,0.5,24.0,5.0,0.68,0.78,17,0,0.056918,0.05161,5.647059,0.411765,0.101906,0.0,0.983921,0.697059,0.286862,0.820424,{'public_soft': 17},16,0,0.057271,0.051743,5.75,0.4375,0.061937,0.0,0.927451,0.70625,0.221201,0.837755,{'public_soft': 16}
112,0.0549904,1.0,public_soft,0.35,0.15,0.0,0.01,0.05,0.05,0.04,0.8,0.84,0.58,0.72,20.0,8.0,0.5,24.0,5.0,0.68,0.78,0.5,24.0,5.0,0.68,0.78,17,0,0.059555,0.052461,5.470588,0.941176,0.063235,0.0,0.981305,0.697059,0.284246,0.82125,{'public_soft': 17},16,0,0.059129,0.051743,5.75,0.4375,0.061937,0.0,0.927451,0.70625,0.221201,0.837755,{'public_soft': 16}
113,0.0549904,1.0,public_soft,0.35,0.15,0.0,0.01,0.1,0.05,0.04,0.8,0.84,0.58,0.72,20.0,8.0,0.5,24.0,5.0,0.68,0.78,0.5,24.0,5.0,0.68,0.78,17,0,0.062717,0.052461,5.470588,0.941176,0.063235,0.0,0.981305,0.697059,0.284246,0.82125,{'public_soft': 17},16,0,0.061414,0.053871,6.0,0.5625,0.030969,0.0,0.927219,0.70625,0.220969,0.842152,{'public_soft': 16}
114,0.0549904,1.0,public_soft,0.35,0.15,0.01,0.0,0.02,0.05,0.04,0.8,0.84,0.58,0.72,20.0,8.0,0.5,24.0,5.0,0.68,0.78,0.5,24.0,5.0,0.68,0.78,17,0,0.059217,0.052461,5.470588,0.941176,0.063235,0.0,0.981305,0.697059,0.284246,0.82125,{'public_soft': 17},16,0,0.059599,0.051743,5.75,0.4375,0.061937,0.0,0.927451,0.70625,0.221201,0.837755,{'public_soft': 16}
115,0.0549904,1.0,public_soft,0.35,0.15,0.01,0.0,0.05,0.05,0.04,0.8,0.84,0.58,0.72,20.0,8.0,0.5,24.0,5.0,0.68,0.78,0.5,24.0,5.0,0.68,0.78,17,0,0.061114,0.052461,5.470588,0.941176,0.063235,0.0,0.981305,0.697059,0.284246,0.82125,{'public_soft': 17},16,0,0.061458,0.051743,5.75,0.4375,0.061937,0.0,0.927451,0.70625,0.221201,0.837755,{'public_soft': 16}
116,0.0549904,1.0,public_soft,0.35,0.15,0.01,0.0,0.1,0.05,0.04,0.8,0.84,0.58,0.72,20.0,8.0,0.5,24.0,5.0,0.68,0.78,0.5,24.0,5.0,0.68,0.78,17,0,0.064276,0.052461,5.470588,0.941176,0.063235,0.0,0.981305,0.697059,0.284246,0.82125,{'public_soft': 17},16,0,0.063425,0.056651,6.0625,1.0625,0.0,0.0,0.926542,0.70625,0.220292,0.846615,{'public_soft': 16}
117,0.05568624,1.0,public_soft,0.35,0.15,0.01,0.01,0.02,0.05,0.04,0.8,0.84,0.58,0.72,20.0,8.0,0.5,24.0,5.0,0.68,0.78,0.5,24.0,5.0,0.68,0.78,17,0,0.059742,0.05161,5.647059,0.411765,0.101906,0.0,0.983921,0.697059,0.286862,0.820424,{'public_soft': 17},16,0,0.060146,0.051743,5.75,0.4375,0.061937,0.0,0.927451,0.70625,0.221201,0.837755,{'public_soft': 16}
118,0.0549904,1.0,public_soft,0.35,0.15,0.01,0.01,0.05,0.05,0.04,0.8,0.84,0.58,0.72,20.0,8.0,0.5,24.0,5.0,0.68,0.78,0.5,24.0,5.0,0.68,0.78,17,0,0.06229,0.052461,5.470588,0.941176,0.063235,0.0,0.981305,0.697059,0.284246,0.82125,{'public_soft': 17},16,0,0.062004,0.051743,5.75,0.4375,0.061937,0.0,0.927451,0.70625,0.221201,0.837755,{'public_soft': 16}
119,0.0549904,1.0,public_soft,0.35,0.15,0.01,0.01,0.1,0.05,0.04,0.8,0.84,0.58,0.72,20.0,8.0,0.5,24.0,5.0,0.68,0.78,0.5,24.0,5.0,0.68,0.78,17,0,0.065452,0.052461,5.470588,0.941176,0.063235,0.0,0.981305,0.697059,0.284246,0.82125,{'public_soft': 17},16,0,0.064414,0.053871,6.0,0.5625,0.030969,0.0,0.927219,0.70625,0.220969,0.842152,{'public_soft': 16}
120,0.05471024,1.0,public_soft,0.5,0.05,0.0,0.0,0.02,0.05,0.04,0.8,0.84,0.58,0.72,20.0,8.0,0.5,24.0,5.0,0.68,0.78,0.5,24.0,5.0,0.68,0.78,17,0,0.05399,0.050634,5.529412,0.411765,0.101906,0.0,0.985099,0.697059,0.28804,0.812448,{'public_soft': 17},16,0,0.056252,0.054721,6.0625,0.5,0.061937,0.0,0.94668,0.70625,0.24043,0.835578,{'public_soft': 16}
121,0.0540154,1.0,public_soft,0.5,0.05,0.0,0.0,0.05,0.05,0.04,0.8,0.84,0.58,0.72,20.0,8.0,0.5,24.0,5.0,0.68,0.78,0.5,24.0,5.0,0.68,0.78,17,0,0.055965,0.051486,5.352941,0.941176,0.063235,0.0,0.982482,0.697059,0.285423,0.813275,{'public_soft': 17},16,0,0.05811,0.054721,6.0625,0.5,0.061937,0.0,0.94668,0.70625,0.24043,0.835578,{'public_soft': 16}
122,0.0540154,1.0,public_soft,0.5,0.05,0.0,0.0,0.1,0.05,0.04,0.8,0.84,0.58,0.72,20.0,8.0,0.5,24.0,5.0,0.68,0.78,0.5,24.0,5.0,0.68,0.78,17,0,0.059127,0.051486,5.352941,0.941176,0.063235,0.0,0.982482,0.697059,0.285423,0.813275,{'public_soft': 17},16,0,0.059921,0.059629,6.375,1.125,0.0,0.0,0.945771,0.70625,0.239521,0.844438,{'public_soft': 16}
123,0.05471024,1.0,public_soft,0.5,0.05,0.0,0.01,0.02,0.05,0.04,0.8,0.84,0.58,0.72,20.0,8.0,0.5,24.0,5.0,0.68,0.78,0.5,24.0,5.0,0.68,0.78,17,0,0.054505,0.050634,5.529412,0.411765,0.101906,0.0,0.985099,0.697059,0.28804,0.812448,{'public_soft': 17},16,0,0.056877,0.054721,6.0625,0.5,0.061937,0.0,0.94668,0.70625,0.24043,0.835578,{'public_soft': 16}
124,0.0540154,1.0,public_soft,0.5,0.05,0.0,0.01,0.05,0.05,0.04,0.8,0.84,0.58,0.72,20.0,8.0,0.5,24.0,5.0,0.68,0.78,0.5,24.0,5.0,0.68,0.78,17,0,0.057141,0.051486,5.352941,0.941176,0.063235,0.0,0.982482,0.697059,0.285423,0.813275,{'public_soft': 17},16,0,0.058735,0.054721,6.0625,0.5,0.061937,0.0,0.94668,0.70625,0.24043,0.835578,{'public_soft': 16}
125,0.0540154,1.0,public_soft,0.5,0.05,0.0,0.01,0.1,0.05,0.04,0.8,0.84,0.58,0.72,20.0,8.0,0.5,24.0,5.0,0.68,0.78,0.5,24.0,5.0,0.68,0.78,17,0,0.060303,0.051486,5.352941,0.941176,0.063235,0.0,0.982482,0.697059,0.285423,0.813275,{'public_soft': 17},16,0,0.06102,0.05685,6.3125,0.625,0.030969,0.0,0.946448,0.70625,0.240198,0.839975,{'public_soft': 16}
126,0.0540154,1.0,public_soft,0.5,0.05,0.01,0.0,0.02,0.05,0.04,0.8,0.84,0.58,0.72,20.0,8.0,0.5,24.0,5.0,0.68,0.78,0.5,24.0,5.0,0.68,0.78,17,0,0.056744,0.051486,5.352941,0.941176,0.063235,0.0,0.982482,0.697059,0.285423,0.813275,{'public_soft': 17},16,0,0.059283,0.054721,6.0625,0.5,0.061937,0.0,0.94668,0.70625,0.24043,0.835578,{'public_soft': 16}
127,0.0540154,1.0,public_soft,0.5,0.05,0.01,0.0,0.05,0.05,0.04,0.8,0.84,0.58,0.72,20.0,8.0,0.5,24.0,5.0,0.68,0.78,0.5,24.0,5.0,0.68,0.78,17,0,0.058641,0.051486,5.352941,0.941176,0.063235,0.0,0.982482,0.697059,0.285423,0.813275,{'public_soft': 17},16,0,0.061141,0.054721,6.0625,0.5,0.061937,0.0,0.94668,0.70625,0.24043,0.835578,{'public_soft': 16}
128,0.0540154,1.0,public_soft,0.5,0.05,0.01,0.0,0.1,0.05,0.04,0.8,0.84,0.58,0.72,20.0,8.0,0.5,24.0,5.0,0.68,0.78,0.5,24.0,5.0,0.68,0.78,17,0,0.061803,0.051486,5.352941,0.941176,0.063235,0.0,0.982482,0.697059,0.285423,0.813275,{'public_soft': 17},16,0,0.063109,0.059629,6.375,1.125,0.0,0.0,0.945771,0.70625,0.239521,0.844438,{'public_soft': 16}
129,0.05471024,1.0,public_soft,0.5,0.05,0.01,0.01,0.02,0.05,0.04,0.8,0.84,0.58,0.72,20.0,8.0,0.5,24.0,5.0,0.68,0.78,0.5,24.0,5.0,0.68,0.78,17,0,0.057269,0.050634,5.529412,0.411765,0.101906,0.0,0.985099,0.697059,0.28804,0.812448,{'public_soft': 17},16,0,0.059908,0.054721,6.0625,0.5,0.061937,0.0,0.94668,0.70625,0.24043,0.835578,{'public_soft': 16}
130,0.0540154,1.0,public_soft,0.5,0.05,0.01,0.01,0.05,0.05,0.04,0.8,0.84,0.58,0.72,20.0,8.0,0.5,24.0,5.0,0.68,0.78,0.5,24.0,5.0,0.68,0.78,17,0,0.059818,0.051486,5.352941,0.941176,0.063235,0.0,0.982482,0.697059,0.285423,0.813275,{'public_soft': 17},16,0,0.061766,0.054721,6.0625,0.5,0.061937,0.0,0.94668,0.70625,0.24043,0.835578,{'public_soft': 16}
131,0.0540154,1.0,public_soft,0.5,0.05,0.01,0.01,0.1,0.05,0.04,0.8,0.84,0.58,0.72,20.0,8.0,0.5,24.0,5.0,0.68,0.78,0.5,24.0,5.0,0.68,0.78,17,0,0.06298,0.051486,5.352941,0.941176,0.063235,0.0,0.982482,0.697059,0.285423,0.813275,{'public_soft': 17},16,0,0.064176,0.05685,6.3125,0.625,0.030969,0.0,0.946448,0.70625,0.240198,0.839975,{'public_soft': 16}
132,0.05568624,1.0,public_soft,0.5,0.15,0.0,0.0,0.02,0.05,0.04,0.8,0.84,0.58,0.72,20.0,8.0,0.5,24.0,5.0,0.68,0.78,0.5,24.0,5.0,0.68,0.78,17,0,0.056404,0.05161,5.647059,0.411765,0.101906,0.0,0.983921,0.697059,0.286862,0.820424,{'public_soft': 17},16,0,0.056835,0.054721,6.0625,0.5,0.061937,0.0,0.94668,0.70625,0.24043,0.835578,{'public_soft': 16}
133,0.0549904,1.0,public_soft,0.5,0.15,0.0,0.0,0.05,0.05,0.04,0.8,0.84,0.58,0.72,20.0,8.0,0.5,24.0,5.0,0.68,0.78,0.5,24.0,5.0,0.68,0.78,17,0,0.058379,0.052461,5.470588,0.941176,0.063235,0.0,0.981305,0.697059,0.284246,0.82125,{'public_soft': 17},16,0,0.058694,0.054721,6.0625,0.5,0.061937,0.0,0.94668,0.70625,0.24043,0.835578,{'public_soft': 16}
134,0.0549904,1.0,public_soft,0.5,0.15,0.0,0.0,0.1,0.05,0.04,0.8,0.84,0.58,0.72,20.0,8.0,0.5,24.0,5.0,0.68,0.78,0.5,24.0,5.0,0.68,0.78,17,0,0.06154,0.052461,5.470588,0.941176,0.063235,0.0,0.981305,0.697059,0.284246,0.82125,{'public_soft': 17},16,0,0.060505,0.059629,6.375,1.125,0.0,0.0,0.945771,0.70625,0.239521,0.844438,{'public_soft': 16}
135,0.05568624,1.0,public_soft,0.5,0.15,0.0,0.01,0.02,0.05,0.04,0.8,0.84,0.58,0.72,20.0,8.0,0.5,24.0,5.0,0.68,0.78,0.5,24.0,5.0,0.68,0.78,17,0,0.056918,0.05161,5.647059,0.411765,0.101906,0.0,0.983921,0.697059,0.286862,0.820424,{'public_soft': 17},16,0,0.05746,0.054721,6.0625,0.5,0.061937,0.0,0.94668,0.70625,0.24043,0.835578,{'public_soft': 16}
136,0.0549904,1.0,public_soft,0.5,0.15,0.0,0.01,0.05,0.05,0.04,0.8,0.84,0.58,0.72,20.0,8.0,0.5,24.0,5.0,0.68,0.78,0.5,24.0,5.0,0.68,0.78,17,0,0.059555,0.052461,5.470588,0.941176,0.063235,0.0,0.981305,0.697059,0.284246,0.82125,{'public_soft': 17},16,0,0.059319,0.054721,6.0625,0.5,0.061937,0.0,0.94668,0.70625,0.24043,0.835578,{'public_soft': 16}
137,0.0549904,1.0,public_soft,0.5,0.15,0.0,0.01,0.1,0.05,0.04,0.8,0.84,0.58,0.72,20.0,8.0,0.5,24.0,5.0,0.68,0.78,0.5,24.0,5.0,0.68,0.78,17,0,0.062717,0.052461,5.470588,0.941176,0.063235,0.0,0.981305,0.697059,0.284246,0.82125,{'public_soft': 17},16,0,0.061603,0.05685,6.3125,0.625,0.030969,0.0,0.946448,0.70625,0.240198,0.839975,{'public_soft': 16}
138,0.0549904,1.0,public_soft,0.5,0.15,0.01,0.0,0.02,0.05,0.04,0.8,0.84,0.58,0.72,20.0,8.0,0.5,24.0,5.0,0.68,0.78,0.5,24.0,5.0,0.68,0.78,17,0,0.059217,0.052461,5.470588,0.941176,0.063235,0.0,0.981305,0.697059,0.284246,0.82125,{'public_soft': 17},16,0,0.059867,0.054721,6.0625,0.5,0.061937,0.0,0.94668,0.70625,0.24043,0.835578,{'public_soft': 16}
139,0.0549904,1.0,public_soft,0.5,0.15,0.01,0.0,0.05,0.05,0.04,0.8,0.84,0.58,0.72,20.0,8.0,0.5,24.0,5.0,0.68,0.78,0.5,24.0,5.0,0.68,0.78,17,0,0.061114,0.052461,5.470588,0.941176,0.063235,0.0,0.981305,0.697059,0.284246,0.82125,{'public_soft': 17},16,0,0.061725,0.054721,6.0625,0.5,0.061937,0.0,0.94668,0.70625,0.24043,0.835578,{'public_soft': 16}
140,0.0549904,1.0,public_soft,0.5,0.15,0.01,0.0,0.1,0.05,0.04,0.8,0.84,0.58,0.72,20.0,8.0,0.5,24.0,5.0,0.68,0.78,0.5,24.0,5.0,0.68,0.78,17,0,0.064276,0.052461,5.470588,0.941176,0.063235,0.0,0.981305,0.697059,0.284246,0.82125,{'public_soft': 17},16,0,0.063692,0.059629,6.375,1.125,0.0,0.0,0.945771,0.70625,0.239521,0.844438,{'public_soft': 16}
141,0.05568624,1.0,public_soft,0.5,0.15,0.01,0.01,0.02,0.05,0.04,0.8,0.84,0.58,0.72,20.0,8.0,0.5,24.0,5.0,0.68,0.78,0.5,24.0,5.0,0.68,0.78,17,0,0.059742,0.05161,5.647059,0.411765,0.101906,0.0,0.983921,0.697059,0.286862,0.820424,{'public_soft': 17},16,0,0.060492,0.054721,6.0625,0.5,0.061937,0.0,0.94668,0.70625,0.24043,0.835578,{'public_soft': 16}
142,0.0549904,1.0,public_soft,0.5,0.15,0.01,0.01,0.05,0.05,0.04,0.8,0.84,0.58,0.72,20.0,8.0,0.5,24.0,5.0,0.68,0.78,0.5,24.0,5.0,0.68,0.78,17,0,0.06229,0.052461,5.470588,0.941176,0.063235,0.0,0.981305,0.697059,0.284246,0.82125,{'public_soft': 17},16,0,0.06235,0.054721,6.0625,0.5,0.061937,0.0,0.94668,0.70625,0.24043,0.835578,{'public_soft': 16}
143,0.0549904,1.0,public_soft,0.5,0.15,0.01,0.01,0.1,0.05,0.04,0.8,0.84,0.58,0.72,20.0,8.0,0.5,24.0,5.0,0.68,0.78,0.5,24.0,5.0,0.68,0.78,17,0,0.065452,0.052461,5.470588,0.941176,0.063235,0.0,0.981305,0.697059,0.284246,0.82125,{'public_soft': 17},16,0,0.06476,0.05685,6.3125,0.625,0.030969,0.0,0.946448,0.70625,0.240198,0.839975,{'public_soft': 16}
144,0.05471024,1.0,public_balanced,0.2,0.05,0.0,0.0,0.02,0.05,0.04,0.8,0.84,0.58,0.72,20.0,8.0,0.5,24.0,5.0,0.68,0.78,0.5,24.0,5.0,0.68,0.78,17,0,0.05399,0.050634,5.529412,0.411765,0.101906,0.0,0.985099,0.747059,0.23804,0.812448,{'public_balanced': 17},16,0,0.055662,0.051743,5.75,0.4375,0.061937,0.0,0.927451,0.75875,0.168701,0.837755,{'public_balanced': 16}
145,0.0540154,1.0,public_balanced,0.2,0.05,0.0,0.0,0.05,0.05,0.04,0.8,0.84,0.58,0.72,20.0,8.0,0.5,24.0,5.0,0.68,0.78,0.5,24.0,5.0,0.68,0.78,17,0,0.055965,0.051486,5.352941,0.941176,0.063235,0.0,0.982482,0.747059,0.235423,0.813275,{'public_balanced': 17},16,0,0.05752,0.051743,5.75,0.4375,0.061937,0.0,0.927451,0.75875,0.168701,0.837755,{'public_balanced': 16}
146,0.0540154,1.0,public_balanced,0.2,0.05,0.0,0.0,0.1,0.05,0.04,0.8,0.84,0.58,0.72,20.0,8.0,0.5,24.0,5.0,0.68,0.78,0.5,24.0,5.0,0.68,0.78,17,0,0.059127,0.051486,5.352941,0.941176,0.063235,0.0,0.982482,0.747059,0.235423,0.813275,{'public_balanced': 17},16,0,0.059331,0.056651,6.0625,1.0625,0.0,0.0,0.926542,0.75875,0.167792,0.846615,{'public_balanced': 16}
147,0.05471024,1.0,public_balanced,0.2,0.05,0.0,0.01,0.02,0.05,0.04,0.8,0.84,0.58,0.72,20.0,8.0,0.5,24.0,5.0,0.68,0.78,0.5,24.0,5.0,0.68,0.78,17,0,0.054505,0.050634,5.529412,0.411765,0.101906,0.0,0.985099,0.747059,0.23804,0.812448,{'public_balanced': 17},16,0,0.056209,0.051743,5.75,0.4375,0.061937,0.0,0.927451,0.75875,0.168701,0.837755,{'public_balanced': 16}
148,0.0540154,1.0,public_balanced,0.2,0.05,0.0,0.01,0.05,0.05,0.04,0.8,0.84,0.58,0.72,20.0,8.0,0.5,24.0,5.0,0.68,0.78,0.5,24.0,5.0,0.68,0.78,17,0,0.057141,0.051486,5.352941,0.941176,0.063235,0.0,0.982482,0.747059,0.235423,0.813275,{'public_balanced': 17},16,0,0.058067,0.051743,5.75,0.4375,0.061937,0.0,0.927451,0.75875,0.168701,0.837755,{'public_balanced': 16}
149,0.0540154,1.0,public_balanced,0.2,0.05,0.0,0.01,0.1,0.05,0.04,0.8,0.84,0.58,0.72,20.0,8.0,0.5,24.0,5.0,0.68,0.78,0.5,24.0,5.0,0.68,0.78,17,0,0.060303,0.051486,5.352941,0.941176,0.063235,0.0,0.982482,0.747059,0.235423,0.813275,{'public_balanced': 17},16,0,0.060352,0.053871,6.0,0.5625,0.030969,0.0,0.927219,0.75875,0.168469,0.842152,{'public_balanced': 16}
150,0.0540154,1.0,public_balanced,0.2,0.05,0.01,0.0,0.02,0.05,0.04,0.8,0.84,0.58,0.72,20.0,8.0,0.5,24.0,5.0,0.68,0.78,0.5,24.0,5.0,0.68,0.78,17,0,0.056744,0.051486,5.352941,0.941176,0.063235,0.0,0.982482,0.747059,0.235423,0.813275,{'public_balanced': 17},16,0,0.058537,0.051743,5.75,0.4375,0.061937,0.0,0.927451,0.75875,0.168701,0.837755,{'public_balanced': 16}
151,0.0540154,1.0,public_balanced,0.2,0.05,0.01,0.0,0.05,0.05,0.04,0.8,0.84,0.58,0.72,20.0,8.0,0.5,24.0,5.0,0.68,0.78,0.5,24.0,5.0,0.68,0.78,17,0,0.058641,0.051486,5.352941,0.941176,0.063235,0.0,0.982482,0.747059,0.235423,0.813275,{'public_balanced': 17},16,0,0.060395,0.051743,5.75,0.4375,0.061937,0.0,0.927451,0.75875,0.168701,0.837755,{'public_balanced': 16}
152,0.0540154,1.0,public_balanced,0.2,0.05,0.01,0.0,0.1,0.05,0.04,0.8,0.84,0.58,0.72,20.0,8.0,0.5,24.0,5.0,0.68,0.78,0.5,24.0,5.0,0.68,0.78,17,0,0.061803,0.051486,5.352941,0.941176,0.063235,0.0,0.982482,0.747059,0.235423,0.813275,{'public_balanced': 17},16,0,0.062363,0.056651,6.0625,1.0625,0.0,0.0,0.926542,0.75875,0.167792,0.846615,{'public_balanced': 16}
153,0.05471024,1.0,public_balanced,0.2,0.05,0.01,0.01,0.02,0.05,0.04,0.8,0.84,0.58,0.72,20.0,8.0,0.5,24.0,5.0,0.68,0.78,0.5,24.0,5.0,0.68,0.78,17,0,0.057269,0.050634,5.529412,0.411765,0.101906,0.0,0.985099,0.747059,0.23804,0.812448,{'public_balanced': 17},16,0,0.059084,0.051743,5.75,0.4375,0.061937,0.0,0.927451,0.75875,0.168701,0.837755,{'public_balanced': 16}
154,0.0540154,1.0,public_balanced,0.2,0.05,0.01,0.01,0.05,0.05,0.04,0.8,0.84,0.58,0.72,20.0,8.0,0.5,24.0,5.0,0.68,0.78,0.5,24.0,5.0,0.68,0.78,17,0,0.059818,0.051486,5.352941,0.941176,0.063235,0.0,0.982482,0.747059,0.235423,0.813275,{'public_balanced': 17},16,0,0.060942,0.051743,5.75,0.4375,0.061937,0.0,0.927451,0.75875,0.168701,0.837755,{'public_balanced': 16}
155,0.0540154,1.0,public_balanced,0.2,0.05,0.01,0.01,0.1,0.05,0.04,0.8,0.84,0.58,0.72,20.0,8.0,0.5,24.0,5.0,0.68,0.78,0.5,24.0,5.0,0.68,0.78,17,0,0.06298,0.051486,5.352941,0.941176,0.063235,0.0,0.982482,0.747059,0.235423,0.813275,{'public_balanced': 17},16,0,0.063352,0.053871,6.0,0.5625,0.030969,0.0,0.927219,0.75875,0.168469,0.842152,{'public_balanced': 16}
156,0.05568624,1.0,public_balanced,0.2,0.15,0.0,0.0,0.02,0.05,0.04,0.8,0.84,0.58,0.72,20.0,8.0,0.5,24.0,5.0,0.68,0.78,0.5,24.0,5.0,0.68,0.78,17,0,0.056404,0.05161,5.647059,0.411765,0.101906,0.0,0.983921,0.747059,0.236862,0.820424,{'public_balanced': 17},16,0,0.056245,0.051743,5.75,0.4375,0.061937,0.0,0.927451,0.75875,0.168701,0.837755,{'public_balanced': 16}
157,0.0549904,1.0,public_balanced,0.2,0.15,0.0,0.0,0.05,0.05,0.04,0.8,0.84,0.58,0.72,20.0,8.0,0.5,24.0,5.0,0.68,0.78,0.5,24.0,5.0,0.68,0.78,17,0,0.058379,0.052461,5.470588,0.941176,0.063235,0.0,0.981305,0.747059,0.234246,0.82125,{'public_balanced': 17},16,0,0.058104,0.051743,5.75,0.4375,0.061937,0.0,0.927451,0.75875,0.168701,0.837755,{'public_balanced': 16}
158,0.0549904,1.0,public_balanced,0.2,0.15,0.0,0.0,0.1,0.05,0.04,0.8,0.84,0.58,0.72,20.0,8.0,0.5,24.0,5.0,0.68,0.78,0.5,24.0,5.0,0.68,0.78,17,0,0.06154,0.052461,5.470588,0.941176,0.063235,0.0,0.981305,0.747059,0.234246,0.82125,{'public_balanced': 17},16,0,0.059915,0.056651,6.0625,1.0625,0.0,0.0,0.926542,0.75875,0.167792,0.846615,{'public_balanced': 16}
159,0.05568624,1.0,public_balanced,0.2,0.15,0.0,0.01,0.02,0.05,0.04,0.8,0.84,0.58,0.72,20.0,8.0,0.5,24.0,5.0,0.68,0.78,0.5,24.0,5.0,0.68,0.78,17,0,0.056918,0.05161,5.647059,0.411765,0.101906,0.0,0.983921,0.747059,0.236862,0.820424,{'public_balanced': 17},16,0,0.056792,0.051743,5.75,0.4375,0.061937,0.0,0.927451,0.75875,0.168701,0.837755,{'public_balanced': 16}
160,0.0549904,1.0,public_balanced,0.2,0.15,0.0,0.01,0.05,0.05,0.04,0.8,0.84,0.58,0.72,20.0,8.0,0.5,24.0,5.0,0.68,0.78,0.5,24.0,5.0,0.68,0.78,17,0,0.059555,0.052461,5.470588,0.941176,0.063235,0.0,0.981305,0.747059,0.234246,0.82125,{'public_balanced': 17},16,0,0.05865,0.051743,5.75,0.4375,0.061937,0.0,0.927451,0.75875,0.168701,0.837755,{'public_balanced': 16}
161,0.0549904,1.0,public_balanced,0.2,0.15,0.0,0.01,0.1,0.05,0.04,0.8,0.84,0.58,0.72,20.0,8.0,0.5,24.0,5.0,0.68,0.78,0.5,24.0,5.0,0.68,0.78,17,0,0.062717,0.052461,5.470588,0.941176,0.063235,0.0,0.981305,0.747059,0.234246,0.82125,{'public_balanced': 17},16,0,0.060935,0.053871,6.0,0.5625,0.030969,0.0,0.927219,0.75875,0.168469,0.842152,{'public_balanced': 16}
162,0.0549904,1.0,public_balanced,0.2,0.15,0.01,0.0,0.02,0.05,0.04,0.8,0.84,0.58,0.72,20.0,8.0,0.5,24.0,5.0,0.68,0.78,0.5,24.0,5.0,0.68,0.78,17,0,0.059217,0.052461,5.470588,0.941176,0.063235,0.0,0.981305,0.747059,0.234246,0.82125,{'public_balanced': 17},16,0,0.05912,0.051743,5.75,0.4375,0.061937,0.0,0.927451,0.75875,0.168701,0.837755,{'public_balanced': 16}
163,0.0549904,1.0,public_balanced,0.2,0.15,0.01,0.0,0.05,0.05,0.04,0.8,0.84,0.58,0.72,20.0,8.0,0.5,24.0,5.0,0.68,0.78,0.5,24.0,5.0,0.68,0.78,17,0,0.061114,0.052461,5.470588,0.941176,0.063235,0.0,0.981305,0.747059,0.234246,0.82125,{'public_balanced': 17},16,0,0.060979,0.051743,5.75,0.4375,0.061937,0.0,0.927451,0.75875,0.168701,0.837755,{'public_balanced': 16}
164,0.0549904,1.0,public_balanced,0.2,0.15,0.01,0.0,0.1,0.05,0.04,0.8,0.84,0.58,0.72,20.0,8.0,0.5,24.0,5.0,0.68,0.78,0.5,24.0,5.0,0.68,0.78,17,0,0.064276,0.052461,5.470588,0.941176,0.063235,0.0,0.981305,0.747059,0.234246,0.82125,{'public_balanced': 17},16,0,0.062946,0.056651,6.0625,1.0625,0.0,0.0,0.926542,0.75875,0.167792,0.846615,{'public_balanced': 16}
165,0.05568624,1.0,public_balanced,0.2,0.15,0.01,0.01,0.02,0.05,0.04,0.8,0.84,0.58,0.72,20.0,8.0,0.5,24.0,5.0,0.68,0.78,0.5,24.0,5.0,0.68,0.78,17,0,0.059742,0.05161,5.647059,0.411765,0.101906,0.0,0.983921,0.747059,0.236862,0.820424,{'public_balanced': 17},16,0,0.059667,0.051743,5.75,0.4375,0.061937,0.0,0.927451,0.75875,0.168701,0.837755,{'public_balanced': 16}
166,0.0549904,1.0,public_balanced,0.2,0.15,0.01,0.01,0.05,0.05,0.04,0.8,0.84,0.58,0.72,20.0,8.0,0.5,24.0,5.0,0.68,0.78,0.5,24.0,5.0,0.68,0.78,17,0,0.06229,0.052461,5.470588,0.941176,0.063235,0.0,0.981305,0.747059,0.234246,0.82125,{'public_balanced': 17},16,0,0.061525,0.051743,5.75,0.4375,0.061937,0.0,0.927451,0.75875,0.168701,0.837755,{'public_balanced': 16}
167,0.0549904,1.0,public_balanced,0.2,0.15,0.01,0.01,0.1,0.05,0.04,0.8,0.84,0.58,0.72,20.0,8.0,0.5,24.0,5.0,0.68,0.78,0.5,24.0,5.0,0.68,0.78,17,0,0.065452,0.052461,5.470588,0.941176,0.063235,0.0,0.981305,0.747059,0.234246,0.82125,{'public_balanced': 17},16,0,0.063935,0.053871,6.0,0.5625,0.030969,0.0,0.927219,0.75875,0.168469,0.842152,{'public_balanced': 16}
168,0.05471024,1.0,public_balanced,0.35,0.05,0.0,0.0,0.02,0.05,0.04,0.8,0.84,0.58,0.72,20.0,8.0,0.5,24.0,5.0,0.68,0.78,0.5,24.0,5.0,0.68,0.78,17,0,0.05399,0.050634,5.529412,0.411765,0.101906,0.0,0.985099,0.747059,0.23804,0.812448,{'public_balanced': 17},16,0,0.056252,0.054721,6.0625,0.5,0.061937,0.0,0.94668,0.75875,0.18793,0.835578,{'public_balanced': 16}
169,0.0540154,1.0,public_balanced,0.35,0.05,0.0,0.0,0.05,0.05,0.04,0.8,0.84,0.58,0.72,20.0,8.0,0.5,24.0,5.0,0.68,0.78,0.5,24.0,5.0,0.68,0.78,17,0,0.055965,0.051486,5.352941,0.941176,0.063235,0.0,0.982482,0.747059,0.235423,0.813275,{'public_balanced': 17},16,0,0.05811,0.054721,6.0625,0.5,0.061937,0.0,0.94668,0.75875,0.18793,0.835578,{'public_balanced': 16}
170,0.0540154,1.0,public_balanced,0.35,0.05,0.0,0.0,0.1,0.05,0.04,0.8,0.84,0.58,0.72,20.0,8.0,0.5,24.0,5.0,0.68,0.78,0.5,24.0,5.0,0.68,0.78,17,0,0.059127,0.051486,5.352941,0.941176,0.063235,0.0,0.982482,0.747059,0.235423,0.813275,{'public_balanced': 17},16,0,0.059921,0.059629,6.375,1.125,0.0,0.0,0.945771,0.75875,0.187021,0.844438,{'public_balanced': 16}
171,0.05471024,1.0,public_balanced,0.35,0.05,0.0,0.01,0.02,0.05,0.04,0.8,0.84,0.58,0.72,20.0,8.0,0.5,24.0,5.0,0.68,0.78,0.5,24.0,5.0,0.68,0.78,17,0,0.054505,0.050634,5.529412,0.411765,0.101906,0.0,0.985099,0.747059,0.23804,0.812448,{'public_balanced': 17},16,0,0.056877,0.054721,6.0625,0.5,0.061937,0.0,0.94668,0.75875,0.18793,0.835578,{'public_balanced': 16}
172,0.0540154,1.0,public_balanced,0.35,0.05,0.0,0.01,0.05,0.05,0.04,0.8,0.84,0.58,0.72,20.0,8.0,0.5,24.0,5.0,0.68,0.78,0.5,24.0,5.0,0.68,0.78,17,0,0.057141,0.051486,5.352941,0.941176,0.063235,0.0,0.982482,0.747059,0.235423,0.813275,{'public_balanced': 17},16,0,0.058735,0.054721,6.0625,0.5,0.061937,0.0,0.94668,0.75875,0.18793,0.835578,{'public_balanced': 16}
173,0.0540154,1.0,public_balanced,0.35,0.05,0.0,0.01,0.1,0.05,0.04,0.8,0.84,0.58,0.72,20.0,8.0,0.5,24.0,5.0,0.68,0.78,0.5,24.0,5.0,0.68,0.78,17,0,0.060303,0.051486,5.352941,0.941176,0.063235,0.0,0.982482,0.747059,0.235423,0.813275,{'public_balanced': 17},16,0,0.06102,0.05685,6.3125,0.625,0.030969,0.0,0.946448,0.75875,0.187698,0.839975,{'public_balanced': 16}
174,0.0540154,1.0,public_balanced,0.35,0.05,0.01,0.0,0.02,0.05,0.04,0.8,0.84,0.58,0.72,20.0,8.0,0.5,24.0,5.0,0.68,0.78,0.5,24.0,5.0,0.68,0.78,17,0,0.056744,0.051486,5.352941,0.941176,0.063235,0.0,0.982482,0.747059,0.235423,0.813275,{'public_balanced': 17},16,0,0.059283,0.054721,6.0625,0.5,0.061937,0.0,0.94668,0.75875,0.18793,0.835578,{'public_balanced': 16}
175,0.0540154,1.0,public_balanced,0.35,0.05,0.01,0.0,0.05,0.05,0.04,0.8,0.84,0.58,0.72,20.0,8.0,0.5,24.0,5.0,0.68,0.78,0.5,24.0,5.0,0.68,0.78,17,0,0.058641,0.051486,5.352941,0.941176,0.063235,0.0,0.982482,0.747059,0.235423,0.813275,{'public_balanced': 17},16,0,0.061141,0.054721,6.0625,0.5,0.061937,0.0,0.94668,0.75875,0.18793,0.835578,{'public_balanced': 16}
176,0.0540154,1.0,public_balanced,0.35,0.05,0.01,0.0,0.1,0.05,0.04,0.8,0.84,0.58,0.72,20.0,8.0,0.5,24.0,5.0,0.68,0.78,0.5,24.0,5.0,0.68,0.78,17,0,0.061803,0.051486,5.352941,0.941176,0.063235,0.0,0.982482,0.747059,0.235423,0.813275,{'public_balanced': 17},16,0,0.063109,0.059629,6.375,1.125,0.0,0.0,0.945771,0.75875,0.187021,0.844438,{'public_balanced': 16}
177,0.05471024,1.0,public_balanced,0.35,0.05,0.01,0.01,0.02,0.05,0.04,0.8,0.84,0.58,0.72,20.0,8.0,0.5,24.0,5.0,0.68,0.78,0.5,24.0,5.0,0.68,0.78,17,0,0.057269,0.050634,5.529412,0.411765,0.101906,0.0,0.985099,0.747059,0.23804,0.812448,{'public_balanced': 17},16,0,0.059908,0.054721,6.0625,0.5,0.061937,0.0,0.94668,0.75875,0.18793,0.835578,{'public_balanced': 16}
178,0.0540154,1.0,public_balanced,0.35,0.05,0.01,0.01,0.05,0.05,0.04,0.8,0.84,0.58,0.72,20.0,8.0,0.5,24.0,5.0,0.68,0.78,0.5,24.0,5.0,0.68,0.78,17,0,0.059818,0.051486,5.352941,0.941176,0.063235,0.0,0.982482,0.747059,0.235423,0.813275,{'public_balanced': 17},16,0,0.061766,0.054721,6.0625,0.5,0.061937,0.0,0.94668,0.75875,0.18793,0.835578,{'public_balanced': 16}
179,0.0540154,1.0,public_balanced,0.35,0.05,0.01,0.01,0.1,0.05,0.04,0.8,0.84,0.58,0.72,20.0,8.0,0.5,24.0,5.0,0.68,0.78,0.5,24.0,5.0,0.68,0.78,17,0,0.06298,0.051486,5.352941,0.941176,0.063235,0.0,0.982482,0.747059,0.235423,0.813275,{'public_balanced': 17},16,0,0.064176,0.05685,6.3125,0.625,0.030969,0.0,0.946448,0.75875,0.187698,0.839975,{'public_balanced': 16}
180,0.05568624,1.0,public_balanced,0.35,0.15,0.0,0.0,0.02,0.05,0.04,0.8,0.84,0.58,0.72,20.0,8.0,0.5,24.0,5.0,0.68,0.78,0.5,24.0,5.0,0.68,0.78,17,0,0.056404,0.05161,5.647059,0.411765,0.101906,0.0,0.983921,0.747059,0.236862,0.820424,{'public_balanced': 17},16,0,0.056835,0.054721,6.0625,0.5,0.061937,0.0,0.94668,0.75875,0.18793,0.835578,{'public_balanced': 16}
181,0.0549904,1.0,public_balanced,0.35,0.15,0.0,0.0,0.05,0.05,0.04,0.8,0.84,0.58,0.72,20.0,8.0,0.5,24.0,5.0,0.68,0.78,0.5,24.0,5.0,0.68,0.78,17,0,0.058379,0.052461,5.470588,0.941176,0.063235,0.0,0.981305,0.747059,0.234246,0.82125,{'public_balanced': 17},16,0,0.058694,0.054721,6.0625,0.5,0.061937,0.0,0.94668,0.75875,0.18793,0.835578,{'public_balanced': 16}
182,0.0549904,1.0,public_balanced,0.35,0.15,0.0,0.0,0.1,0.05,0.04,0.8,0.84,0.58,0.72,20.0,8.0,0.5,24.0,5.0,0.68,0.78,0.5,24.0,5.0,0.68,0.78,17,0,0.06154,0.052461,5.470588,0.941176,0.063235,0.0,0.981305,0.747059,0.234246,0.82125,{'public_balanced': 17},16,0,0.060505,0.059629,6.375,1.125,0.0,0.0,0.945771,0.75875,0.187021,0.844438,{'public_balanced': 16}
183,0.05568624,1.0,public_balanced,0.35,0.15,0.0,0.01,0.02,0.05,0.04,0.8,0.84,0.58,0.72,20.0,8.0,0.5,24.0,5.0,0.68,0.78,0.5,24.0,5.0,0.68,0.78,17,0,0.056918,0.05161,5.647059,0.411765,0.101906,0.0,0.983921,0.747059,0.236862,0.820424,{'public_balanced': 17},16,0,0.05746,0.054721,6.0625,0.5,0.061937,0.0,0.94668,0.75875,0.18793,0.835578,{'public_balanced': 16}
184,0.0549904,1.0,public_balanced,0.35,0.15,0.0,0.01,0.05,0.05,0.04,0.8,0.84,0.58,0.72,20.0,8.0,0.5,24.0,5.0,0.68,0.78,0.5,24.0,5.0,0.68,0.78,17,0,0.059555,0.052461,5.470588,0.941176,0.063235,0.0,0.981305,0.747059,0.234246,0.82125,{'public_balanced': 17},16,0,0.059319,0.054721,6.0625,0.5,0.061937,0.0,0.94668,0.75875,0.18793,0.835578,{'public_balanced': 16}
185,0.0549904,1.0,public_balanced,0.35,0.15,0.0,0.01,0.1,0.05,0.04,0.8,0.84,0.58,0.72,20.0,8.0,0.5,24.0,5.0,0.68,0.78,0.5,24.0,5.0,0.68,0.78,17,0,0.062717,0.052461,5.470588,0.941176,0.063235,0.0,0.981305,0.747059,0.234246,0.82125,{'public_balanced': 17},16,0,0.061603,0.05685,6.3125,0.625,0.030969,0.0,0.946448,0.75875,0.187698,0.839975,{'public_balanced': 16}
186,0.0549904,1.0,public_balanced,0.35,0.15,0.01,0.0,0.02,0.05,0.04,0.8,0.84,0.58,0.72,20.0,8.0,0.5,24.0,5.0,0.68,0.78,0.5,24.0,5.0,0.68,0.78,17,0,0.059217,0.052461,5.470588,0.941176,0.063235,0.0,0.981305,0.747059,0.234246,0.82125,{'public_balanced': 17},16,0,0.059867,0.054721,6.0625,0.5,0.061937,0.0,0.94668,0.75875,0.18793,0.835578,{'public_balanced': 16}
187,0.0549904,1.0,public_balanced,0.35,0.15,0.01,0.0,0.05,0.05,0.04,0.8,0.84,0.58,0.72,20.0,8.0,0.5,24.0,5.0,0.68,0.78,0.5,24.0,5.0,0.68,0.78,17,0,0.061114,0.052461,5.470588,0.941176,0.063235,0.0,0.981305,0.747059,0.234246,0.82125,{'public_balanced': 17},16,0,0.061725,0.054721,6.0625,0.5,0.061937,0.0,0.94668,0.75875,0.18793,0.835578,{'public_balanced': 16}
188,0.0549904,1.0,public_balanced,0.35,0.15,0.01,0.0,0.1,0.05,0.04,0.8,0.84,0.58,0.72,20.0,8.0,0.5,24.0,5.0,0.68,0.78,0.5,24.0,5.0,0.68,0.78,17,0,0.064276,0.052461,5.470588,0.941176,0.063235,0.0,0.981305,0.747059,0.234246,0.82125,{'public_balanced': 17},16,0,0.063692,0.059629,6.375,1.125,0.0,0.0,0.945771,0.75875,0.187021,0.844438,{'public_balanced': 16}
189,0.05568624,1.0,public_balanced,0.35,0.15,0.01,0.01,0.02,0.05,0.04,0.8,0.84,0.58,0.72,20.0,8.0,0.5,24.0,5.0,0.68,0.78,0.5,24.0,5.0,0.68,0.78,17,0,0.059742,0.05161,5.647059,0.411765,0.101906,0.0,0.983921,0.747059,0.236862,0.820424,{'public_balanced': 17},16,0,0.060492,0.054721,6.0625,0.5,0.061937,0.0,0.94668,0.75875,0.18793,0.835578,{'public_balanced': 16}
190,0.0549904,1.0,public_balanced,0.35,0.15,0.01,0.01,0.05,0.05,0.04,0.8,0.84,0.58,0.72,20.0,8.0,0.5,24.0,5.0,0.68,0.78,0.5,24.0,5.0,0.68,0.78,17,0,0.06229,0.052461,5.470588,0.941176,0.063235,0.0,0.981305,0.747059,0.234246,0.82125,{'public_balanced': 17},16,0,0.06235,0.054721,6.0625,0.5,0.061937,0.0,0.94668,0.75875,0.18793,0.835578,{'public_balanced': 16}
191,0.0549904,1.0,public_balanced,0.35,0.15,0.01,0.01,0.1,0.05,0.04,0.8,0.84,0.58,0.72,20.0,8.0,0.5,24.0,5.0,0.68,0.78,0.5,24.0,5.0,0.68,0.78,17,0,0.065452,0.052461,5.470588,0.941176,0.063235,0.0,0.981305,0.747059,0.234246,0.82125,{'public_balanced': 17},16,0,0.06476,0.05685,6.3125,0.625,0.030969,0.0,0.946448,0.75875,0.187698,0.839975,{'public_balanced': 16}
192,0.05471024,1.0,public_balanced,0.5,0.05,0.0,0.0,0.02,0.05,0.04,0.8,0.84,0.58,0.72,20.0,8.0,0.5,24.0,5.0,0.68,0.78,0.5,24.0,5.0,0.68,0.78,17,0,0.05399,0.050634,5.529412,0.411765,0.101906,0.0,0.985099,0.747059,0.23804,0.812448,{'public_balanced': 17},16,0,0.056252,0.054721,6.0625,0.5,0.061937,0.0,0.94668,0.75875,0.18793,0.835578,{'public_balanced': 16}
193,0.0540154,1.0,public_balanced,0.5,0.05,0.0,0.0,0.05,0.05,0.04,0.8,0.84,0.58,0.72,20.0,8.0,0.5,24.0,5.0,0.68,0.78,0.5,24.0,5.0,0.68,0.78,17,0,0.055965,0.051486,5.352941,0.941176,0.063235,0.0,0.982482,0.747059,0.235423,0.813275,{'public_balanced': 17},16,0,0.05811,0.054721,6.0625,0.5,0.061937,0.0,0.94668,0.75875,0.18793,0.835578,{'public_balanced': 16}
194,0.0540154,1.0,public_balanced,0.5,0.05,0.0,0.0,0.1,0.05,0.04,0.8,0.84,0.58,0.72,20.0,8.0,0.5,24.0,5.0,0.68,0.78,0.5,24.0,5.0,0.68,0.78,17,0,0.059127,0.051486,5.352941,0.941176,0.063235,0.0,0.982482,0.747059,0.235423,0.813275,{'public_balanced': 17},16,0,0.059921,0.059629,6.375,1.125,0.0,0.0,0.945771,0.75875,0.187021,0.844438,{'public_balanced': 16}
195,0.05471024,1.0,public_balanced,0.5,0.05,0.0,0.01,0.02,0.05,0.04,0.8,0.84,0.58,0.72,20.0,8.0,0.5,24.0,5.0,0.68,0.78,0.5,24.0,5.0,0.68,0.78,17,0,0.054505,0.050634,5.529412,0.411765,0.101906,0.0,0.985099,0.747059,0.23804,0.812448,{'public_balanced': 17},16,0,0.056877,0.054721,6.0625,0.5,0.061937,0.0,0.94668,0.75875,0.18793,0.835578,{'public_balanced': 16}
196,0.0540154,1.0,public_balanced,0.5,0.05,0.0,0.01,0.05,0.05,0.04,0.8,0.84,0.58,0.72,20.0,8.0,0.5,24.0,5.0,0.68,0.78,0.5,24.0,5.0,0.68,0.78,17,0,0.057141,0.051486,5.352941,0.941176,0.063235,0.0,0.982482,0.747059,0.235423,0.813275,{'public_balanced': 17},16,0,0.058735,0.054721,6.0625,0.5,0.061937,0.0,0.94668,0.75875,0.18793,0.835578,{'public_balanced': 16}
197,0.0540154,1.0,public_balanced,0.5,0.05,0.0,0.01,0.1,0.05,0.04,0.8,0.84,0.58,0.72,20.0,8.0,0.5,24.0,5.0,0.68,0.78,0.5,24.0,5.0,0.68,0.78,17,0,0.060303,0.051486,5.352941,0.941176,0.063235,0.0,0.982482,0.747059,0.235423,0.813275,{'public_balanced': 17},16,0,0.06102,0.05685,6.3125,0.625,0.030969,0.0,0.946448,0.75875,0.187698,0.839975,{'public_balanced': 16}
198,0.0540154,1.0,public_balanced,0.5,0.05,0.01,0.0,0.02,0.05,0.04,0.8,0.84,0.58,0.72,20.0,8.0,0.5,24.0,5.0,0.68,0.78,0.5,24.0,5.0,0.68,0.78,17,0,0.056744,0.051486,5.352941,0.941176,0.063235,0.0,0.982482,0.747059,0.235423,0.813275,{'public_balanced': 17},16,0,0.059283,0.054721,6.0625,0.5,0.061937,0.0,0.94668,0.75875,0.18793,0.835578,{'public_balanced': 16}
199,0.0540154,1.0,public_balanced,0.5,0.05,0.01,0.0,0.05,0.05,0.04,0.8,0.84,0.58,0.72,20.0,8.0,0.5,24.0,5.0,0.68,0.78,0.5,24.0,5.0,0.68,0.78,17,0,0.058641,0.051486,5.352941,0.941176,0.063235,0.0,0.982482,0.747059,0.235423,0.813275,{'public_balanced': 17},16,0,0.061141,0.054721,6.0625,0.5,0.061937,0.0,0.94668,0.75875,0.18793,0.835578,{'public_balanced': 16}
200,0.0540154,1.0,public_balanced,0.5,0.05,0.01,0.0,0.1,0.05,0.04,0.8,0.84,0.58,0.72,20.0,8.0,0.5,24.0,5.0,0.68,0.78,0.5,24.0,5.0,0.68,0.78,17,0,0.061803,0.051486,5.352941,0.941176,0.063235,0.0,0.982482,0.747059,0.235423,0.813275,{'public_balanced': 17},16,0,0.063109,0.059629,6.375,1.125,0.0,0.0,0.945771,0.75875,0.187021,0.844438,{'public_balanced': 16}
201,0.05471024,1.0,public_balanced,0.5,0.05,0.01,0.01,0.02,0.05,0.04,0.8,0.84,0.58,0.72,20.0,8.0,0.5,24.0,5.0,0.68,0.78,0.5,24.0,5.0,0.68,0.78,17,0,0.057269,0.050634,5.529412,0.411765,0.101906,0.0,0.985099,0.747059,0.23804,0.812448,{'public_balanced': 17},16,0,0.059908,0.054721,6.0625,0.5,0.061937,0.0,0.94668,0.75875,0.18793,0.835578,{'public_balanced': 16}
202,0.0540154,1.0,public_balanced,0.5,0.05,0.01,0.01,0.05,0.05,0.04,0.8,0.84,0.58,0.72,20.0,8.0,0.5,24.0,5.0,0.68,0.78,0.5,24.0,5.0,0.68,0.78,17,0,0.059818,0.051486,5.352941,0.941176,0.063235,0.0,0.982482,0.747059,0.235423,0.813275,{'public_balanced': 17},16,0,0.061766,0.054721,6.0625,0.5,0.061937,0.0,0.94668,0.75875,0.18793,0.835578,{'public_balanced': 16}
203,0.0540154,1.0,public_balanced,0.5,0.05,0.01,0.01,0.1,0.05,0.04,0.8,0.84,0.58,0.72,20.0,8.0,0.5,24.0,5.0,0.68,0.78,0.5,24.0,5.0,0.68,0.78,17,0,0.06298,0.051486,5.352941,0.941176,0.063235,0.0,0.982482,0.747059,0.235423,0.813275,{'public_balanced': 17},16,0,0.064176,0.05685,6.3125,0.625,0.030969,0.0,0.946448,0.75875,0.187698,0.839975,{'public_balanced': 16}
204,0.05568624,1.0,public_balanced,0.5,0.15,0.0,0.0,0.02,0.05,0.04,0.8,0.84,0.58,0.72,20.0,8.0,0.5,24.0,5.0,0.68,0.78,0.5,24.0,5.0,0.68,0.78,17,0,0.056404,0.05161,5.647059,0.411765,0.101906,0.0,0.983921,0.747059,0.236862,0.820424,{'public_balanced': 17},16,0,0.056835,0.054721,6.0625,0.5,0.061937,0.0,0.94668,0.75875,0.18793,0.835578,{'public_balanced': 16}
205,0.0549904,1.0,public_balanced,0.5,0.15,0.0,0.0,0.05,0.05,0.04,0.8,0.84,0.58,0.72,20.0,8.0,0.5,24.0,5.0,0.68,0.78,0.5,24.0,5.0,0.68,0.78,17,0,0.058379,0.052461,5.470588,0.941176,0.063235,0.0,0.981305,0.747059,0.234246,0.82125,{'public_balanced': 17},16,0,0.058694,0.054721,6.0625,0.5,0.061937,0.0,0.94668,0.75875,0.18793,0.835578,{'public_balanced': 16}
206,0.0549904,1.0,public_balanced,0.5,0.15,0.0,0.0,0.1,0.05,0.04,0.8,0.84,0.58,0.72,20.0,8.0,0.5,24.0,5.0,0.68,0.78,0.5,24.0,5.0,0.68,0.78,17,0,0.06154,0.052461,5.470588,0.941176,0.063235,0.0,0.981305,0.747059,0.234246,0.82125,{'public_balanced': 17},16,0,0.060505,0.059629,6.375,1.125,0.0,0.0,0.945771,0.75875,0.187021,0.844438,{'public_balanced': 16}
207,0.05568624,1.0,public_balanced,0.5,0.15,0.0,0.01,0.02,0.05,0.04,0.8,0.84,0.58,0.72,20.0,8.0,0.5,24.0,5.0,0.68,0.78,0.5,24.0,5.0,0.68,0.78,17,0,0.056918,0.05161,5.647059,0.411765,0.101906,0.0,0.983921,0.747059,0.236862,0.820424,{'public_balanced': 17},16,0,0.05746,0.054721,6.0625,0.5,0.061937,0.0,0.94668,0.75875,0.18793,0.835578,{'public_balanced': 16}
208,0.0549904,1.0,public_balanced,0.5,0.15,0.0,0.01,0.05,0.05,0.04,0.8,0.84,0.58,0.72,20.0,8.0,0.5,24.0,5.0,0.68,0.78,0.5,24.0,5.0,0.68,0.78,17,0,0.059555,0.052461,5.470588,0.941176,0.063235,0.0,0.981305,0.747059,0.234246,0.82125,{'public_balanced': 17},16,0,0.059319,0.054721,6.0625,0.5,0.061937,0.0,0.94668,0.75875,0.18793,0.835578,{'public_balanced': 16}
209,0.0549904,1.0,public_balanced,0.5,0.15,0.0,0.01,0.1,0.05,0.04,0.8,0.84,0.58,0.72,20.0,8.0,0.5,24.0,5.0,0.68,0.78,0.5,24.0,5.0,0.68,0.78,17,0,0.062717,0.052461,5.470588,0.941176,0.063235,0.0,0.981305,0.747059,0.234246,0.82125,{'public_balanced': 17},16,0,0.061603,0.05685,6.3125,0.625,0.030969,0.0,0.946448,0.75875,0.187698,0.839975,{'public_balanced': 16}
210,0.0549904,1.0,public_balanced,0.5,0.15,0.01,0.0,0.02,0.05,0.04,0.8,0.84,0.58,0.72,20.0,8.0,0.5,24.0,5.0,0.68,0.78,0.5,24.0,5.0,0.68,0.78,17,0,0.059217,0.052461,5.470588,0.941176,0.063235,0.0,0.981305,0.747059,0.234246,0.82125,{'public_balanced': 17},16,0,0.059867,0.054721,6.0625,0.5,0.061937,0.0,0.94668,0.75875,0.18793,0.835578,{'public_balanced': 16}
211,0.0549904,1.0,public_balanced,0.5,0.15,0.01,0.0,0.05,0.05,0.04,0.8,0.84,0.58,0.72,20.0,8.0,0.5,24.0,5.0,0.68,0.78,0.5,24.0,5.0,0.68,0.78,17,0,0.061114,0.052461,5.470588,0.941176,0.063235,0.0,0.981305,0.747059,0.234246,0.82125,{'public_balanced': 17},16,0,0.061725,0.054721,6.0625,0.5,0.061937,0.0,0.94668,0.75875,0.18793,0.835578,{'public_balanced': 16}
212,0.0549904,1.0,public_balanced,0.5,0.15,0.01,0.0,0.1,0.05,0.04,0.8,0.84,0.58,0.72,20.0,8.0,0.5,24.0,5.0,0.68,0.78,0.5,24.0,5.0,0.68,0.78,17,0,0.064276,0.052461,5.470588,0.941176,0.063235,0.0,0.981305,0.747059,0.234246,0.82125,{'public_balanced': 17},16,0,0.063692,0.059629,6.375,1.125,0.0,0.0,0.945771,0.75875,0.187021,0.844438,{'public_balanced': 16}
213,0.05568624,1.0,public_balanced,0.5,0.15,0.01,0.01,0.02,0.05,0.04,0.8,0.84,0.58,0.72,20.0,8.0,0.5,24.0,5.0,0.68,0.78,0.5,24.0,5.0,0.68,0.78,17,0,0.059742,0.05161,5.647059,0.411765,0.101906,0.0,0.983921,0.747059,0.236862,0.820424,{'public_balanced': 17},16,0,0.060492,0.054721,6.0625,0.5,0.061937,0.0,0.94668,0.75875,0.18793,0.835578,{'public_balanced': 16}
214,0.0549904,1.0,public_balanced,0.5,0.15,0.01,0.01,0.05,0.05,0.04,0.8,0.84,0.58,0.72,20.0,8.0,0.5,24.0,5.0,0.68,0.78,0.5,24.0,5.0,0.68,0.78,17,0,0.06229,0.052461,5.470588,0.941176,0.063235,0.0,0.981305,0.747059,0.234246,0.82125,{'public_balanced': 17},16,0,0.06235,0.054721,6.0625,0.5,0.061937,0.0,0.94668,0.75875,0.18793,0.835578,{'public_balanced': 16}
215,0.0549904,1.0,public_balanced,0.5,0.15,0.01,0.01,0.1,0.05,0.04,0.8,0.84,0.58,0.72,20.0,8.0,0.5,24.0,5.0,0.68,0.78,0.5,24.0,5.0,0.68,0.78,17,0,0.065452,0.052461,5.470588,0.941176,0.063235,0.0,0.981305,0.747059,0.234246,0.82125,{'public_balanced': 17},16,0,0.06476,0.05685,6.3125,0.625,0.030969,0.0,0.946448,0.75875,0.187698,0.839975,{'public_balanced': 16}
